Year,Time series,Value
2010,Cities with a legally required direct participation of civil society in urban planning and management,100.0
2011,Cities with a legally required direct participation of civil society in urban planning and management,100.0
2012,Cities with a legally required direct participation of civil society in urban planning and management,100.0
2013,Cities with a legally required direct participation of civil society in urban planning and management,100.0
2014,Cities with a legally required direct participation of civil society in urban planning and management,100.0
2015,Cities with a legally required direct participation of civil society in urban planning and management,100.0
2016,Cities with a legally required direct participation of civil society in urban planning and management,100.0
2017,Cities with a legally required direct participation of civil society in urban planning and management,100.0
2018,Cities with a legally required direct participation of civil society in urban planning and management,100.0
