Year,Units,Time series,Value
2016,1 000 t,Total municipal solid waste generated,53018
2010,Percentage (%),Municipal solid waste regularly collected and treated,100
2011,Percentage (%),Municipal solid waste regularly collected and treated,100
2012,Percentage (%),Municipal solid waste regularly collected and treated,100
2013,Percentage (%),Municipal solid waste regularly collected and treated,100
2014,Percentage (%),Municipal solid waste regularly collected and treated,100
2015,Percentage (%),Municipal solid waste regularly collected and treated,100
2016,Percentage (%),Municipal solid waste regularly collected and treated,100
2017,Percentage (%),Municipal solid waste regularly collected and treated,100
