Year,Time series,Value
2010,Share of recreational area to settlement and transport areas in cities with more than 100 000 inhabitants,14.9
2011,Share of recreational area to settlement and transport areas in cities with more than 100 000 inhabitants,15.2
2012,Share of recreational area to settlement and transport areas in cities with more than 100 000 inhabitants,15.3
2013,Share of recreational area to settlement and transport areas in cities with more than 100 000 inhabitants,15.4
2014,Share of recreational area to settlement and transport areas in cities with more than 100 000 inhabitants,15.3
2015,Share of recreational area to settlement and transport areas in cities with more than 100 000 inhabitants,15.4
2016,Share of recreational area to settlement and transport areas in cities with more than 100 000 inhabitants,15.4
