Year,Time series,Value
2015,Proportion of indicator results drawn from country-led results frameworks by providers of development cooperation,
2016,Proportion of indicator results drawn from country-led results frameworks by providers of development cooperation,83.0
2017,Proportion of indicator results drawn from country-led results frameworks by providers of development cooperation,
2015,Proportion of results drawn from country-led result frameworks by providers of development cooperation,
2016,Proportion of results drawn from country-led result frameworks by providers of development cooperation,55.0
2017,Proportion of results drawn from country-led result frameworks by providers of development cooperation,
2015,Proportion of indicator results monitored using the partner country's own sources and monitoring systems by providers of development cooperation,
2016,Proportion of indicator results monitored using the partner country's own sources and monitoring systems by providers of development cooperation,51.0
2017,Proportion of indicator results monitored using the partner country's own sources and monitoring systems by providers of development cooperation,
