Year,Time series,Value
2010,Mortality rate attributed to unintentional poisoning,0.3
2011,Mortality rate attributed to unintentional poisoning,0.3
2012,Mortality rate attributed to unintentional poisoning,0.3
2013,Mortality rate attributed to unintentional poisoning,0.3
2014,Mortality rate attributed to unintentional poisoning,0.3
2015,Mortality rate attributed to unintentional poisoning,0.3
2016,Mortality rate attributed to unintentional poisoning,0.5
2017,Mortality rate attributed to unintentional poisoning,0.7
