Year,Skill,Level of proficiency,COMMENT_OBS_0,COMMENT_OBS_1,COMMENT_OBS_2,Value
2012,a) Literacy skills,Minimum requirement level I,,,,96.7
2023,a) Literacy skills,Minimum requirement level I,,,,90.6
2012,a) Literacy skills,Minimum requirement level II,,,,82.5
2023,a) Literacy skills,Minimum requirement level II,,,,77.5
2012,b) Numeracy skills,Minimum requirement level I,,,,95.5
2023,b) Numeracy skills,Minimum requirement level I,,,,91.9
2012,b) Numeracy skills,Minimum requirement level II,,,,81.6
2023,b) Numeracy skills,Minimum requirement level II,,,,79.7
