Year,Time series,Value
2011,Female victims of criminal offences having/ had a intimate relationship with the suspect,105907
2012,Female victims of criminal offences having/ had a intimate relationship with the suspect,107929
2013,Female victims of criminal offences having/ had a intimate relationship with the suspect,108104
2014,Female victims of criminal offences having/ had a intimate relationship with the suspect,112060
2015,Female victims of criminal offences having/ had a intimate relationship with the suspect,112118
2016,Female victims of criminal offences having/ had a intimate relationship with the suspect,117049
2017,Female victims of criminal offences having/ had a intimate relationship with the suspect,116141
2018,Female victims of criminal offences having/ had a intimate relationship with the suspect,116756
