Year,Units,Political institution,Länder,GeoCode,Value
2010,Percentage,Bundestag (Lower chamber),,,32.8
2011,Percentage,Bundestag (Lower chamber),,,33.1
2012,Percentage,Bundestag (Lower chamber),,,32.9
2013,Percentage,Bundestag (Lower chamber),,,32.9
2014,Percentage,Bundestag (Lower chamber),,,36.5
2015,Percentage,Bundestag (Lower chamber),,,36.3
2016,Percentage,Bundestag (Lower chamber),,,36.8
2017,Percentage,Bundestag (Lower chamber),,,37.1
2018,Percentage,Bundestag (Lower chamber),,,30.9
2019,Percentage,Bundestag (Lower chamber),,,31.2
2020,Percentage,Bundestag (Lower chamber),,,31.3
2021,Percentage,Bundestag (Lower chamber),,,31.5
2022,Percentage,Bundestag (Lower chamber),,,34.9
2023,Percentage,Bundestag (Lower chamber),,,35.1
2024,Percentage,Bundestag (Lower chamber),,,35.3
2010,Number,Bundestag (Lower chamber),,,204.0
2011,Number,Bundestag (Lower chamber),,,206.0
2012,Number,Bundestag (Lower chamber),,,204.0
2013,Number,Bundestag (Lower chamber),,,204.0
2014,Number,Bundestag (Lower chamber),,,230.0
2015,Number,Bundestag (Lower chamber),,,229.0
2016,Number,Bundestag (Lower chamber),,,232.0
2017,Number,Bundestag (Lower chamber),,,234.0
2018,Number,Bundestag (Lower chamber),,,219.0
2019,Number,Bundestag (Lower chamber),,,221.0
2020,Number,Bundestag (Lower chamber),,,222.0
2021,Number,Bundestag (Lower chamber),,,223.0
2022,Number,Bundestag (Lower chamber),,,257.0
2023,Number,Bundestag (Lower chamber),,,258.0
2024,Number,Bundestag (Lower chamber),,,259.0
2010,Percentage,Bundesrat (upper chamber),,,18.8
2011,Percentage,Bundesrat (upper chamber),,,24.6
2012,Percentage,Bundesrat (upper chamber),,,27.5
2013,Percentage,Bundesrat (upper chamber),,,29.0
2014,Percentage,Bundesrat (upper chamber),,,34.8
2015,Percentage,Bundesrat (upper chamber),,,40.6
2016,Percentage,Bundesrat (upper chamber),,,37.7
2017,Percentage,Bundesrat (upper chamber),,,39.1
2018,Percentage,Bundesrat (upper chamber),,,39.1
2019,Percentage,Bundesrat (upper chamber),,,36.2
2020,Percentage,Bundesrat (upper chamber),,,34.8
2021,Percentage,Bundesrat (upper chamber),,,33.3
2022,Percentage,Bundesrat (upper chamber),,,31.9
2023,Percentage,Bundesrat (upper chamber),,,37.7
2024,Percentage,Bundesrat (upper chamber),,,37.7
2010,Number,Bundesrat (upper chamber),,,13.0
2011,Number,Bundesrat (upper chamber),,,17.0
2012,Number,Bundesrat (upper chamber),,,19.0
2013,Number,Bundesrat (upper chamber),,,20.0
2014,Number,Bundesrat (upper chamber),,,24.0
2015,Number,Bundesrat (upper chamber),,,28.0
2016,Number,Bundesrat (upper chamber),,,26.0
2017,Number,Bundesrat (upper chamber),,,27.0
2018,Number,Bundesrat (upper chamber),,,27.0
2019,Number,Bundesrat (upper chamber),,,25.0
2020,Number,Bundesrat (upper chamber),,,24.0
2021,Number,Bundesrat (upper chamber),,,23.0
2022,Number,Bundesrat (upper chamber),,,22.0
2023,Number,Bundesrat (upper chamber),,,26.0
2024,Number,Bundesrat (upper chamber),,,26.0
2010,Percentage,Länder parliaments,Baden-Württemberg,code08,23.7
2011,Percentage,Länder parliaments,Baden-Württemberg,code08,18.1
2012,Percentage,Länder parliaments,Baden-Württemberg,code08,18.1
2013,Percentage,Länder parliaments,Baden-Württemberg,code08,18.1
2014,Percentage,Länder parliaments,Baden-Württemberg,code08,18.1
2015,Percentage,Länder parliaments,Baden-Württemberg,code08,18.1
2016,Percentage,Länder parliaments,Baden-Württemberg,code08,24.5
2017,Percentage,Länder parliaments,Baden-Württemberg,code08,24.5
2018,Percentage,Länder parliaments,Baden-Württemberg,code08,24.5
2019,Percentage,Länder parliaments,Baden-Württemberg,code08,24.5
2020,Percentage,Länder parliaments,Baden-Württemberg,code08,24.5
2021,Percentage,Länder parliaments,Baden-Württemberg,code08,29.2
2022,Percentage,Länder parliaments,Baden-Württemberg,code08,29.2
2023,Percentage,Länder parliaments,Baden-Württemberg,code08,29.2
2024,Percentage,Länder parliaments,Baden-Württemberg,code08,29.2
2010,Number,Länder parliaments,Baden-Württemberg,code08,33.0
2011,Number,Länder parliaments,Baden-Württemberg,code08,25.0
2012,Number,Länder parliaments,Baden-Württemberg,code08,25.0
2013,Number,Länder parliaments,Baden-Württemberg,code08,25.0
2014,Number,Länder parliaments,Baden-Württemberg,code08,25.0
2015,Number,Länder parliaments,Baden-Württemberg,code08,25.0
2016,Number,Länder parliaments,Baden-Württemberg,code08,35.0
2017,Number,Länder parliaments,Baden-Württemberg,code08,35.0
2018,Number,Länder parliaments,Baden-Württemberg,code08,35.0
2019,Number,Länder parliaments,Baden-Württemberg,code08,35.0
2020,Number,Länder parliaments,Baden-Württemberg,code08,35.0
2021,Number,Länder parliaments,Baden-Württemberg,code08,45.0
2022,Number,Länder parliaments,Baden-Württemberg,code08,45.0
2023,Number,Länder parliaments,Baden-Württemberg,code08,45.0
2024,Number,Länder parliaments,Baden-Württemberg,code08,45.0
2010,Percentage,Länder parliaments,Bavaria,code09,31.0
2011,Percentage,Länder parliaments,Bavaria,code09,31.0
2012,Percentage,Länder parliaments,Bavaria,code09,31.0
2013,Percentage,Länder parliaments,Bavaria,code09,29.4
2014,Percentage,Länder parliaments,Bavaria,code09,29.4
2015,Percentage,Länder parliaments,Bavaria,code09,29.4
2016,Percentage,Länder parliaments,Bavaria,code09,29.4
2017,Percentage,Länder parliaments,Bavaria,code09,29.4
2018,Percentage,Länder parliaments,Bavaria,code09,26.8
2019,Percentage,Länder parliaments,Bavaria,code09,26.8
2020,Percentage,Länder parliaments,Bavaria,code09,26.8
2021,Percentage,Länder parliaments,Bavaria,code09,26.8
2022,Percentage,Länder parliaments,Bavaria,code09,26.8
2023,Percentage,Länder parliaments,Bavaria,code09,24.6
2024,Percentage,Länder parliaments,Bavaria,code09,24.6
2010,Number,Länder parliaments,Bavaria,code09,58.0
2011,Number,Länder parliaments,Bavaria,code09,58.0
2012,Number,Länder parliaments,Bavaria,code09,58.0
2013,Number,Länder parliaments,Bavaria,code09,53.0
2014,Number,Länder parliaments,Bavaria,code09,53.0
2015,Number,Länder parliaments,Bavaria,code09,53.0
2016,Number,Länder parliaments,Bavaria,code09,53.0
2017,Number,Länder parliaments,Bavaria,code09,53.0
2018,Number,Länder parliaments,Bavaria,code09,55.0
2019,Number,Länder parliaments,Bavaria,code09,55.0
2020,Number,Länder parliaments,Bavaria,code09,55.0
2021,Number,Länder parliaments,Bavaria,code09,55.0
2022,Number,Länder parliaments,Bavaria,code09,55.0
2023,Number,Länder parliaments,Bavaria,code09,50.0
2024,Number,Länder parliaments,Bavaria,code09,50.0
2010,Percentage,Länder parliaments,Berlin,code11,39.6
2011,Percentage,Länder parliaments,Berlin,code11,34.9
2012,Percentage,Länder parliaments,Berlin,code11,34.9
2013,Percentage,Länder parliaments,Berlin,code11,34.9
2014,Percentage,Länder parliaments,Berlin,code11,34.9
2015,Percentage,Länder parliaments,Berlin,code11,34.9
2016,Percentage,Länder parliaments,Berlin,code11,33.1
2017,Percentage,Länder parliaments,Berlin,code11,33.1
2018,Percentage,Länder parliaments,Berlin,code11,33.1
2019,Percentage,Länder parliaments,Berlin,code11,33.1
2020,Percentage,Länder parliaments,Berlin,code11,33.1
2021,Percentage,Länder parliaments,Berlin,code11,37.7
2022,Percentage,Länder parliaments,Berlin,code11,37.7
2023,Percentage,Länder parliaments,Berlin,code11,37.7
2024,Percentage,Länder parliaments,Berlin,code11,37.7
2010,Number,Länder parliaments,Berlin,code11,59.0
2011,Number,Länder parliaments,Berlin,code11,52.0
2012,Number,Länder parliaments,Berlin,code11,52.0
2013,Number,Länder parliaments,Berlin,code11,52.0
2014,Number,Länder parliaments,Berlin,code11,52.0
2015,Number,Länder parliaments,Berlin,code11,52.0
2016,Number,Länder parliaments,Berlin,code11,53.0
2017,Number,Länder parliaments,Berlin,code11,53.0
2018,Number,Länder parliaments,Berlin,code11,53.0
2019,Number,Länder parliaments,Berlin,code11,53.0
2020,Number,Länder parliaments,Berlin,code11,53.0
2021,Number,Länder parliaments,Berlin,code11,60.0
2022,Number,Länder parliaments,Berlin,code11,60.0
2023,Number,Länder parliaments,Berlin,code11,60.0
2024,Number,Länder parliaments,Berlin,code11,60.0
2010,Percentage,Länder parliaments,Brandenburg,code12,38.6
2011,Percentage,Länder parliaments,Brandenburg,code12,38.6
2012,Percentage,Länder parliaments,Brandenburg,code12,38.6
2013,Percentage,Länder parliaments,Brandenburg,code12,38.6
2014,Percentage,Länder parliaments,Brandenburg,code12,34.1
2015,Percentage,Länder parliaments,Brandenburg,code12,34.1
2016,Percentage,Länder parliaments,Brandenburg,code12,34.1
2017,Percentage,Länder parliaments,Brandenburg,code12,34.1
2018,Percentage,Länder parliaments,Brandenburg,code12,34.1
2019,Percentage,Länder parliaments,Brandenburg,code12,31.8
2020,Percentage,Länder parliaments,Brandenburg,code12,31.8
2021,Percentage,Länder parliaments,Brandenburg,code12,31.8
2022,Percentage,Länder parliaments,Brandenburg,code12,31.8
2023,Percentage,Länder parliaments,Brandenburg,code12,31.8
2024,Percentage,Länder parliaments,Brandenburg,code12,
2010,Number,Länder parliaments,Brandenburg,code12,34.0
2011,Number,Länder parliaments,Brandenburg,code12,34.0
2012,Number,Länder parliaments,Brandenburg,code12,34.0
2013,Number,Länder parliaments,Brandenburg,code12,34.0
2014,Number,Länder parliaments,Brandenburg,code12,30.0
2015,Number,Länder parliaments,Brandenburg,code12,30.0
2016,Number,Länder parliaments,Brandenburg,code12,30.0
2017,Number,Länder parliaments,Brandenburg,code12,30.0
2018,Number,Länder parliaments,Brandenburg,code12,30.0
2019,Number,Länder parliaments,Brandenburg,code12,28.0
2020,Number,Länder parliaments,Brandenburg,code12,28.0
2021,Number,Länder parliaments,Brandenburg,code12,28.0
2022,Number,Länder parliaments,Brandenburg,code12,28.0
2023,Number,Länder parliaments,Brandenburg,code12,28.0
2024,Number,Länder parliaments,Brandenburg,code12,
2010,Percentage,Länder parliaments,Bremen,code04,38.6
2011,Percentage,Länder parliaments,Bremen,code04,43.4
2012,Percentage,Länder parliaments,Bremen,code04,43.4
2013,Percentage,Länder parliaments,Bremen,code04,43.4
2014,Percentage,Länder parliaments,Bremen,code04,43.4
2015,Percentage,Länder parliaments,Bremen,code04,33.7
2016,Percentage,Länder parliaments,Bremen,code04,33.7
2017,Percentage,Länder parliaments,Bremen,code04,33.7
2018,Percentage,Länder parliaments,Bremen,code04,33.7
2019,Percentage,Länder parliaments,Bremen,code04,40.5
2020,Percentage,Länder parliaments,Bremen,code04,40.5
2021,Percentage,Länder parliaments,Bremen,code04,40.5
2022,Percentage,Länder parliaments,Bremen,code04,40.5
2023,Percentage,Länder parliaments,Bremen,code04,42.5
2024,Percentage,Länder parliaments,Bremen,code04,42.5
2010,Number,Länder parliaments,Bremen,code04,32.0
2011,Number,Länder parliaments,Bremen,code04,36.0
2012,Number,Länder parliaments,Bremen,code04,36.0
2013,Number,Länder parliaments,Bremen,code04,36.0
2014,Number,Länder parliaments,Bremen,code04,36.0
2015,Number,Länder parliaments,Bremen,code04,28.0
2016,Number,Länder parliaments,Bremen,code04,28.0
2017,Number,Länder parliaments,Bremen,code04,28.0
2018,Number,Länder parliaments,Bremen,code04,28.0
2019,Number,Länder parliaments,Bremen,code04,34.0
2020,Number,Länder parliaments,Bremen,code04,34.0
2021,Number,Länder parliaments,Bremen,code04,34.0
2022,Number,Länder parliaments,Bremen,code04,34.0
2023,Number,Länder parliaments,Bremen,code04,37.0
2024,Number,Länder parliaments,Bremen,code04,37.0
2010,Percentage,Länder parliaments,Hamburg,code02,33.1
2011,Percentage,Länder parliaments,Hamburg,code02,38.8
2012,Percentage,Länder parliaments,Hamburg,code02,38.8
2013,Percentage,Länder parliaments,Hamburg,code02,38.8
2014,Percentage,Länder parliaments,Hamburg,code02,38.8
2015,Percentage,Länder parliaments,Hamburg,code02,38.8
2016,Percentage,Länder parliaments,Hamburg,code02,38.8
2017,Percentage,Länder parliaments,Hamburg,code02,38.8
2018,Percentage,Länder parliaments,Hamburg,code02,38.8
2019,Percentage,Länder parliaments,Hamburg,code02,38.8
2020,Percentage,Länder parliaments,Hamburg,code02,43.9
2021,Percentage,Länder parliaments,Hamburg,code02,43.9
2022,Percentage,Länder parliaments,Hamburg,code02,43.9
2023,Percentage,Länder parliaments,Hamburg,code02,43.9
2024,Percentage,Länder parliaments,Hamburg,code02,43.9
2010,Number,Länder parliaments,Hamburg,code02,40.0
2011,Number,Länder parliaments,Hamburg,code02,47.0
2012,Number,Länder parliaments,Hamburg,code02,47.0
2013,Number,Länder parliaments,Hamburg,code02,47.0
2014,Number,Länder parliaments,Hamburg,code02,47.0
2015,Number,Länder parliaments,Hamburg,code02,47.0
2016,Number,Länder parliaments,Hamburg,code02,47.0
2017,Number,Länder parliaments,Hamburg,code02,47.0
2018,Number,Länder parliaments,Hamburg,code02,47.0
2019,Number,Länder parliaments,Hamburg,code02,47.0
2020,Number,Länder parliaments,Hamburg,code02,54.0
2021,Number,Länder parliaments,Hamburg,code02,54.0
2022,Number,Länder parliaments,Hamburg,code02,54.0
2023,Number,Länder parliaments,Hamburg,code02,54.0
2024,Number,Länder parliaments,Hamburg,code02,54.0
2010,Percentage,Länder parliaments,Hesse,code06,28.0
2011,Percentage,Länder parliaments,Hesse,code06,28.0
2012,Percentage,Länder parliaments,Hesse,code06,28.0
2013,Percentage,Länder parliaments,Hesse,code06,31.8
2014,Percentage,Länder parliaments,Hesse,code06,31.8
2015,Percentage,Länder parliaments,Hesse,code06,31.8
2016,Percentage,Länder parliaments,Hesse,code06,31.8
2017,Percentage,Länder parliaments,Hesse,code06,31.8
2018,Percentage,Länder parliaments,Hesse,code06,33.6
2019,Percentage,Länder parliaments,Hesse,code06,33.6
2020,Percentage,Länder parliaments,Hesse,code06,33.6
2021,Percentage,Länder parliaments,Hesse,code06,33.6
2022,Percentage,Länder parliaments,Hesse,code06,33.6
2023,Percentage,Länder parliaments,Hesse,code06,33.1
2024,Percentage,Länder parliaments,Hesse,code06,33.1
2010,Number,Länder parliaments,Hesse,code06,33.0
2011,Number,Länder parliaments,Hesse,code06,33.0
2012,Number,Länder parliaments,Hesse,code06,33.0
2013,Number,Länder parliaments,Hesse,code06,35.0
2014,Number,Länder parliaments,Hesse,code06,35.0
2015,Number,Länder parliaments,Hesse,code06,35.0
2016,Number,Länder parliaments,Hesse,code06,35.0
2017,Number,Länder parliaments,Hesse,code06,35.0
2018,Number,Länder parliaments,Hesse,code06,46.0
2019,Number,Länder parliaments,Hesse,code06,46.0
2020,Number,Länder parliaments,Hesse,code06,46.0
2021,Number,Länder parliaments,Hesse,code06,46.0
2022,Number,Länder parliaments,Hesse,code06,46.0
2023,Number,Länder parliaments,Hesse,code06,44.0
2024,Number,Länder parliaments,Hesse,code06,44.0
2010,Percentage,Länder parliaments,Mecklenburg Western Pomerania,code13,32.4
2011,Percentage,Länder parliaments,Mecklenburg Western Pomerania,code13,28.2
2012,Percentage,Länder parliaments,Mecklenburg Western Pomerania,code13,28.2
2013,Percentage,Länder parliaments,Mecklenburg Western Pomerania,code13,28.2
2014,Percentage,Länder parliaments,Mecklenburg Western Pomerania,code13,28.2
2015,Percentage,Länder parliaments,Mecklenburg Western Pomerania,code13,28.2
2016,Percentage,Länder parliaments,Mecklenburg Western Pomerania,code13,25.4
2017,Percentage,Länder parliaments,Mecklenburg Western Pomerania,code13,25.4
2018,Percentage,Länder parliaments,Mecklenburg Western Pomerania,code13,25.4
2019,Percentage,Länder parliaments,Mecklenburg Western Pomerania,code13,25.4
2020,Percentage,Länder parliaments,Mecklenburg Western Pomerania,code13,25.4
2021,Percentage,Länder parliaments,Mecklenburg Western Pomerania,code13,36.7
2022,Percentage,Länder parliaments,Mecklenburg Western Pomerania,code13,36.7
2023,Percentage,Länder parliaments,Mecklenburg Western Pomerania,code13,36.7
2024,Percentage,Länder parliaments,Mecklenburg Western Pomerania,code13,36.7
2010,Number,Länder parliaments,Mecklenburg Western Pomerania,code13,23.0
2011,Number,Länder parliaments,Mecklenburg Western Pomerania,code13,20.0
2012,Number,Länder parliaments,Mecklenburg Western Pomerania,code13,20.0
2013,Number,Länder parliaments,Mecklenburg Western Pomerania,code13,20.0
2014,Number,Länder parliaments,Mecklenburg Western Pomerania,code13,20.0
2015,Number,Länder parliaments,Mecklenburg Western Pomerania,code13,20.0
2016,Number,Länder parliaments,Mecklenburg Western Pomerania,code13,18.0
2017,Number,Länder parliaments,Mecklenburg Western Pomerania,code13,18.0
2018,Number,Länder parliaments,Mecklenburg Western Pomerania,code13,18.0
2019,Number,Länder parliaments,Mecklenburg Western Pomerania,code13,18.0
2020,Number,Länder parliaments,Mecklenburg Western Pomerania,code13,18.0
2021,Number,Länder parliaments,Mecklenburg Western Pomerania,code13,29.0
2022,Number,Länder parliaments,Mecklenburg Western Pomerania,code13,29.0
2023,Number,Länder parliaments,Mecklenburg Western Pomerania,code13,29.0
2024,Number,Länder parliaments,Mecklenburg Western Pomerania,code13,29.0
2010,Percentage,Länder parliaments,Lower Saxony,code03,30.9
2011,Percentage,Länder parliaments,Lower Saxony,code03,30.9
2012,Percentage,Länder parliaments,Lower Saxony,code03,30.9
2013,Percentage,Länder parliaments,Lower Saxony,code03,29.2
2014,Percentage,Länder parliaments,Lower Saxony,code03,29.2
2015,Percentage,Länder parliaments,Lower Saxony,code03,29.2
2016,Percentage,Länder parliaments,Lower Saxony,code03,29.2
2017,Percentage,Länder parliaments,Lower Saxony,code03,27.7
2018,Percentage,Länder parliaments,Lower Saxony,code03,27.7
2019,Percentage,Länder parliaments,Lower Saxony,code03,27.7
2020,Percentage,Länder parliaments,Lower Saxony,code03,27.7
2021,Percentage,Länder parliaments,Lower Saxony,code03,27.7
2022,Percentage,Länder parliaments,Lower Saxony,code03,34.2
2023,Percentage,Länder parliaments,Lower Saxony,code03,34.2
2024,Percentage,Länder parliaments,Lower Saxony,code03,34.2
2010,Number,Länder parliaments,Lower Saxony,code03,47.0
2011,Number,Länder parliaments,Lower Saxony,code03,47.0
2012,Number,Länder parliaments,Lower Saxony,code03,47.0
2013,Number,Länder parliaments,Lower Saxony,code03,40.0
2014,Number,Länder parliaments,Lower Saxony,code03,40.0
2015,Number,Länder parliaments,Lower Saxony,code03,40.0
2016,Number,Länder parliaments,Lower Saxony,code03,40.0
2017,Number,Länder parliaments,Lower Saxony,code03,38.0
2018,Number,Länder parliaments,Lower Saxony,code03,38.0
2019,Number,Länder parliaments,Lower Saxony,code03,38.0
2020,Number,Länder parliaments,Lower Saxony,code03,38.0
2021,Number,Länder parliaments,Lower Saxony,code03,38.0
2022,Number,Länder parliaments,Lower Saxony,code03,50.0
2023,Number,Länder parliaments,Lower Saxony,code03,50.0
2024,Number,Länder parliaments,Lower Saxony,code03,50.0
2010,Percentage,Länder parliaments,North Rhine-Westphalia,code05,27.1
2011,Percentage,Länder parliaments,North Rhine-Westphalia,code05,27.1
2012,Percentage,Länder parliaments,North Rhine-Westphalia,code05,30.0
2013,Percentage,Länder parliaments,North Rhine-Westphalia,code05,30.0
2014,Percentage,Länder parliaments,North Rhine-Westphalia,code05,30.0
2015,Percentage,Länder parliaments,North Rhine-Westphalia,code05,30.0
2016,Percentage,Länder parliaments,North Rhine-Westphalia,code05,30.0
2017,Percentage,Länder parliaments,North Rhine-Westphalia,code05,27.1
2018,Percentage,Länder parliaments,North Rhine-Westphalia,code05,27.1
2019,Percentage,Länder parliaments,North Rhine-Westphalia,code05,27.1
2020,Percentage,Länder parliaments,North Rhine-Westphalia,code05,27.1
2021,Percentage,Länder parliaments,North Rhine-Westphalia,code05,27.1
2022,Percentage,Länder parliaments,North Rhine-Westphalia,code05,33.8
2023,Percentage,Länder parliaments,North Rhine-Westphalia,code05,33.8
2024,Percentage,Länder parliaments,North Rhine-Westphalia,code05,33.8
2010,Number,Länder parliaments,North Rhine-Westphalia,code05,49.0
2011,Number,Länder parliaments,North Rhine-Westphalia,code05,49.0
2012,Number,Länder parliaments,North Rhine-Westphalia,code05,71.0
2013,Number,Länder parliaments,North Rhine-Westphalia,code05,71.0
2014,Number,Länder parliaments,North Rhine-Westphalia,code05,71.0
2015,Number,Länder parliaments,North Rhine-Westphalia,code05,71.0
2016,Number,Länder parliaments,North Rhine-Westphalia,code05,71.0
2017,Number,Länder parliaments,North Rhine-Westphalia,code05,54.0
2018,Number,Länder parliaments,North Rhine-Westphalia,code05,54.0
2019,Number,Länder parliaments,North Rhine-Westphalia,code05,54.0
2020,Number,Länder parliaments,North Rhine-Westphalia,code05,54.0
2021,Number,Länder parliaments,North Rhine-Westphalia,code05,54.0
2022,Number,Länder parliaments,North Rhine-Westphalia,code05,66.0
2023,Number,Länder parliaments,North Rhine-Westphalia,code05,66.0
2024,Number,Länder parliaments,North Rhine-Westphalia,code05,66.0
2010,Percentage,Länder parliaments,Rhineland Palatinate,code07,37.6
2011,Percentage,Länder parliaments,Rhineland Palatinate,code07,41.6
2012,Percentage,Länder parliaments,Rhineland Palatinate,code07,41.6
2013,Percentage,Länder parliaments,Rhineland Palatinate,code07,41.6
2014,Percentage,Länder parliaments,Rhineland Palatinate,code07,41.6
2015,Percentage,Länder parliaments,Rhineland Palatinate,code07,41.6
2016,Percentage,Länder parliaments,Rhineland Palatinate,code07,35.6
2017,Percentage,Länder parliaments,Rhineland Palatinate,code07,35.6
2018,Percentage,Länder parliaments,Rhineland Palatinate,code07,35.6
2019,Percentage,Länder parliaments,Rhineland Palatinate,code07,35.6
2020,Percentage,Länder parliaments,Rhineland Palatinate,code07,35.6
2021,Percentage,Länder parliaments,Rhineland Palatinate,code07,31.7
2022,Percentage,Länder parliaments,Rhineland Palatinate,code07,31.7
2023,Percentage,Länder parliaments,Rhineland Palatinate,code07,31.7
2024,Percentage,Länder parliaments,Rhineland Palatinate,code07,31.7
2010,Number,Länder parliaments,Rhineland Palatinate,code07,38.0
2011,Number,Länder parliaments,Rhineland Palatinate,code07,42.0
2012,Number,Länder parliaments,Rhineland Palatinate,code07,42.0
2013,Number,Länder parliaments,Rhineland Palatinate,code07,42.0
2014,Number,Länder parliaments,Rhineland Palatinate,code07,42.0
2015,Number,Länder parliaments,Rhineland Palatinate,code07,42.0
2016,Number,Länder parliaments,Rhineland Palatinate,code07,36.0
2017,Number,Länder parliaments,Rhineland Palatinate,code07,36.0
2018,Number,Länder parliaments,Rhineland Palatinate,code07,36.0
2019,Number,Länder parliaments,Rhineland Palatinate,code07,36.0
2020,Number,Länder parliaments,Rhineland Palatinate,code07,36.0
2021,Number,Länder parliaments,Rhineland Palatinate,code07,32.0
2022,Number,Länder parliaments,Rhineland Palatinate,code07,32.0
2023,Number,Länder parliaments,Rhineland Palatinate,code07,32.0
2024,Number,Länder parliaments,Rhineland Palatinate,code07,32.0
2010,Percentage,Länder parliaments,Saarland,code10,33.3
2011,Percentage,Länder parliaments,Saarland,code10,33.3
2012,Percentage,Länder parliaments,Saarland,code10,39.2
2013,Percentage,Länder parliaments,Saarland,code10,39.2
2014,Percentage,Länder parliaments,Saarland,code10,39.2
2015,Percentage,Länder parliaments,Saarland,code10,39.2
2016,Percentage,Länder parliaments,Saarland,code10,39.2
2017,Percentage,Länder parliaments,Saarland,code10,35.3
2018,Percentage,Länder parliaments,Saarland,code10,35.3
2019,Percentage,Länder parliaments,Saarland,code10,35.3
2020,Percentage,Länder parliaments,Saarland,code10,35.3
2021,Percentage,Länder parliaments,Saarland,code10,35.3
2022,Percentage,Länder parliaments,Saarland,code10,37.3
2023,Percentage,Länder parliaments,Saarland,code10,37.3
2024,Percentage,Länder parliaments,Saarland,code10,37.3
2010,Number,Länder parliaments,Saarland,code10,17.0
2011,Number,Länder parliaments,Saarland,code10,17.0
2012,Number,Länder parliaments,Saarland,code10,20.0
2013,Number,Länder parliaments,Saarland,code10,20.0
2014,Number,Länder parliaments,Saarland,code10,20.0
2015,Number,Länder parliaments,Saarland,code10,20.0
2016,Number,Länder parliaments,Saarland,code10,20.0
2017,Number,Länder parliaments,Saarland,code10,18.0
2018,Number,Länder parliaments,Saarland,code10,18.0
2019,Number,Länder parliaments,Saarland,code10,18.0
2020,Number,Länder parliaments,Saarland,code10,18.0
2021,Number,Länder parliaments,Saarland,code10,18.0
2022,Number,Länder parliaments,Saarland,code10,19.0
2023,Number,Länder parliaments,Saarland,code10,19.0
2024,Number,Länder parliaments,Saarland,code10,19.0
2010,Percentage,Länder parliaments,Saxony,code14,31.1
2011,Percentage,Länder parliaments,Saxony,code14,31.1
2012,Percentage,Länder parliaments,Saxony,code14,31.1
2013,Percentage,Länder parliaments,Saxony,code14,31.1
2014,Percentage,Länder parliaments,Saxony,code14,31.7
2015,Percentage,Länder parliaments,Saxony,code14,31.7
2016,Percentage,Länder parliaments,Saxony,code14,31.7
2017,Percentage,Länder parliaments,Saxony,code14,31.7
2018,Percentage,Länder parliaments,Saxony,code14,31.7
2019,Percentage,Länder parliaments,Saxony,code14,27.7
2020,Percentage,Länder parliaments,Saxony,code14,27.7
2021,Percentage,Länder parliaments,Saxony,code14,27.7
2022,Percentage,Länder parliaments,Saxony,code14,27.7
2023,Percentage,Länder parliaments,Saxony,code14,27.7
2024,Percentage,Länder parliaments,Saxony,code14,
2010,Number,Länder parliaments,Saxony,code14,41.0
2011,Number,Länder parliaments,Saxony,code14,41.0
2012,Number,Länder parliaments,Saxony,code14,41.0
2013,Number,Länder parliaments,Saxony,code14,41.0
2014,Number,Länder parliaments,Saxony,code14,40.0
2015,Number,Länder parliaments,Saxony,code14,40.0
2016,Number,Länder parliaments,Saxony,code14,40.0
2017,Number,Länder parliaments,Saxony,code14,40.0
2018,Number,Länder parliaments,Saxony,code14,40.0
2019,Number,Länder parliaments,Saxony,code14,33.0
2020,Number,Länder parliaments,Saxony,code14,33.0
2021,Number,Länder parliaments,Saxony,code14,33.0
2022,Number,Länder parliaments,Saxony,code14,33.0
2023,Number,Länder parliaments,Saxony,code14,33.0
2024,Number,Länder parliaments,Saxony,code14,
2010,Percentage,Länder parliaments,Saxony-Anhalt,code15,30.9
2011,Percentage,Länder parliaments,Saxony-Anhalt,code15,31.4
2012,Percentage,Länder parliaments,Saxony-Anhalt,code15,31.4
2013,Percentage,Länder parliaments,Saxony-Anhalt,code15,31.4
2014,Percentage,Länder parliaments,Saxony-Anhalt,code15,31.4
2015,Percentage,Länder parliaments,Saxony-Anhalt,code15,31.4
2016,Percentage,Länder parliaments,Saxony-Anhalt,code15,26.4
2017,Percentage,Länder parliaments,Saxony-Anhalt,code15,26.4
2018,Percentage,Länder parliaments,Saxony-Anhalt,code15,26.4
2019,Percentage,Länder parliaments,Saxony-Anhalt,code15,26.4
2020,Percentage,Länder parliaments,Saxony-Anhalt,code15,26.4
2021,Percentage,Länder parliaments,Saxony-Anhalt,code15,27.8
2022,Percentage,Länder parliaments,Saxony-Anhalt,code15,27.8
2023,Percentage,Länder parliaments,Saxony-Anhalt,code15,27.8
2024,Percentage,Länder parliaments,Saxony-Anhalt,code15,27.8
2010,Number,Länder parliaments,Saxony-Anhalt,code15,30.0
2011,Number,Länder parliaments,Saxony-Anhalt,code15,33.0
2012,Number,Länder parliaments,Saxony-Anhalt,code15,33.0
2013,Number,Länder parliaments,Saxony-Anhalt,code15,33.0
2014,Number,Länder parliaments,Saxony-Anhalt,code15,33.0
2015,Number,Länder parliaments,Saxony-Anhalt,code15,33.0
2016,Number,Länder parliaments,Saxony-Anhalt,code15,23.0
2017,Number,Länder parliaments,Saxony-Anhalt,code15,23.0
2018,Number,Länder parliaments,Saxony-Anhalt,code15,23.0
2019,Number,Länder parliaments,Saxony-Anhalt,code15,23.0
2020,Number,Länder parliaments,Saxony-Anhalt,code15,23.0
2021,Number,Länder parliaments,Saxony-Anhalt,code15,27.0
2022,Number,Länder parliaments,Saxony-Anhalt,code15,27.0
2023,Number,Länder parliaments,Saxony-Anhalt,code15,27.0
2024,Number,Länder parliaments,Saxony-Anhalt,code15,27.0
2010,Percentage,Länder parliaments,Schleswig-Holstein,code01,35.8
2011,Percentage,Länder parliaments,Schleswig-Holstein,code01,35.8
2012,Percentage,Länder parliaments,Schleswig-Holstein,code01,31.9
2013,Percentage,Länder parliaments,Schleswig-Holstein,code01,31.9
2014,Percentage,Länder parliaments,Schleswig-Holstein,code01,31.9
2015,Percentage,Länder parliaments,Schleswig-Holstein,code01,31.9
2016,Percentage,Länder parliaments,Schleswig-Holstein,code01,31.9
2017,Percentage,Länder parliaments,Schleswig-Holstein,code01,30.1
2018,Percentage,Länder parliaments,Schleswig-Holstein,code01,30.1
2019,Percentage,Länder parliaments,Schleswig-Holstein,code01,30.1
2020,Percentage,Länder parliaments,Schleswig-Holstein,code01,30.1
2021,Percentage,Länder parliaments,Schleswig-Holstein,code01,30.1
2022,Percentage,Länder parliaments,Schleswig-Holstein,code01,37.7
2023,Percentage,Länder parliaments,Schleswig-Holstein,code01,37.7
2024,Percentage,Länder parliaments,Schleswig-Holstein,code01,37.7
2010,Number,Länder parliaments,Schleswig-Holstein,code01,34.0
2011,Number,Länder parliaments,Schleswig-Holstein,code01,34.0
2012,Number,Länder parliaments,Schleswig-Holstein,code01,22.0
2013,Number,Länder parliaments,Schleswig-Holstein,code01,22.0
2014,Number,Länder parliaments,Schleswig-Holstein,code01,22.0
2015,Number,Länder parliaments,Schleswig-Holstein,code01,22.0
2016,Number,Länder parliaments,Schleswig-Holstein,code01,22.0
2017,Number,Länder parliaments,Schleswig-Holstein,code01,22.0
2018,Number,Länder parliaments,Schleswig-Holstein,code01,22.0
2019,Number,Länder parliaments,Schleswig-Holstein,code01,22.0
2020,Number,Länder parliaments,Schleswig-Holstein,code01,22.0
2021,Number,Länder parliaments,Schleswig-Holstein,code01,22.0
2022,Number,Länder parliaments,Schleswig-Holstein,code01,26.0
2023,Number,Länder parliaments,Schleswig-Holstein,code01,26.0
2024,Number,Länder parliaments,Schleswig-Holstein,code01,26.0
2010,Percentage,Länder parliaments,Thuringia,code16,26.1
2011,Percentage,Länder parliaments,Thuringia,code16,26.1
2012,Percentage,Länder parliaments,Thuringia,code16,26.1
2013,Percentage,Länder parliaments,Thuringia,code16,26.1
2014,Percentage,Länder parliaments,Thuringia,code16,38.5
2015,Percentage,Länder parliaments,Thuringia,code16,38.5
2016,Percentage,Länder parliaments,Thuringia,code16,38.5
2017,Percentage,Länder parliaments,Thuringia,code16,38.5
2018,Percentage,Länder parliaments,Thuringia,code16,38.5
2019,Percentage,Länder parliaments,Thuringia,code16,31.1
2020,Percentage,Länder parliaments,Thuringia,code16,31.1
2021,Percentage,Länder parliaments,Thuringia,code16,31.1
2022,Percentage,Länder parliaments,Thuringia,code16,31.1
2023,Percentage,Länder parliaments,Thuringia,code16,31.1
2024,Percentage,Länder parliaments,Thuringia,code16,
2010,Number,Länder parliaments,Thuringia,code16,34.0
2011,Number,Länder parliaments,Thuringia,code16,34.0
2012,Number,Länder parliaments,Thuringia,code16,34.0
2013,Number,Länder parliaments,Thuringia,code16,34.0
2014,Number,Länder parliaments,Thuringia,code16,35.0
2015,Number,Länder parliaments,Thuringia,code16,35.0
2016,Number,Länder parliaments,Thuringia,code16,35.0
2017,Number,Länder parliaments,Thuringia,code16,35.0
2018,Number,Länder parliaments,Thuringia,code16,35.0
2019,Number,Länder parliaments,Thuringia,code16,28.0
2020,Number,Länder parliaments,Thuringia,code16,28.0
2021,Number,Länder parliaments,Thuringia,code16,28.0
2022,Number,Länder parliaments,Thuringia,code16,28.0
2023,Number,Länder parliaments,Thuringia,code16,28.0
2024,Number,Länder parliaments,Thuringia,code16,
2010,Percentage,Länder parliaments,,,31.768
2011,Percentage,Länder parliaments,,,31.651
2012,Percentage,Länder parliaments,,,31.832
2013,Percentage,Länder parliaments,,,31.809
2014,Percentage,Länder parliaments,,,32.364
2015,Percentage,Länder parliaments,,,31.933
2016,Percentage,Länder parliaments,,,31.59
2017,Percentage,Länder parliaments,,,31.027
2018,Percentage,Länder parliaments,,,30.86
2019,Percentage,Länder parliaments,,,30.439
2020,Percentage,Länder parliaments,,,30.782
2021,Percentage,Länder parliaments,,,31.804
2022,Percentage,Länder parliaments,,,33.316
2023,Percentage,Länder parliaments,,,33.157
2024,Percentage,Länder parliaments,,,
2010,Number,Länder parliaments,,,602.0
2011,Number,Länder parliaments,,,602.0
2012,Number,Länder parliaments,,,615.0
2013,Number,Länder parliaments,,,605.0
2014,Number,Länder parliaments,,,601.0
2015,Number,Länder parliaments,,,593.0
2016,Number,Länder parliaments,,,586.0
2017,Number,Länder parliaments,,,565.0
2018,Number,Länder parliaments,,,578.0
2019,Number,Länder parliaments,,,568.0
2020,Number,Länder parliaments,,,575.0
2021,Number,Länder parliaments,,,603.0
2022,Number,Länder parliaments,,,632.0
2023,Number,Länder parliaments,,,628.0
2024,Number,Länder parliaments,,,
2010,Percentage,Councils of districts and district-free cities,,,
2011,Percentage,Councils of districts and district-free cities,,,26.1
2012,Percentage,Councils of districts and district-free cities,,,26.1
2013,Percentage,Councils of districts and district-free cities,,,26.1
2014,Percentage,Councils of districts and district-free cities,,,26.1
2015,Percentage,Councils of districts and district-free cities,,,27.1
2016,Percentage,Councils of districts and district-free cities,,,27.1
2017,Percentage,Councils of districts and district-free cities,,,27.0
2018,Percentage,Councils of districts and district-free cities,,,27.0
2019,Percentage,Councils of districts and district-free cities,,,27.8
2020,Percentage,Councils of districts and district-free cities,,,27.8
2021,Percentage,Councils of districts and district-free cities,,,30.2
2022,Percentage,Councils of districts and district-free cities,,,30.2
2023,Percentage,Councils of districts and district-free cities,,,30.3
2024,Percentage,Councils of districts and district-free cities,,,
