Year,Treatment,Type of waste water,Value
2010,,,100.0
2011,,,100.0
2012,,,100.0
2013,,,100.0
2014,,,100.0
2015,,,100.0
2016,,,100.0
2017,,,100.0
2018,,,100.0
2019,,,100.0
2020,,,100.0
2010,Untreated wastewater that does not have to undergo treatment,,72.7
2011,Untreated wastewater that does not have to undergo treatment,,
2012,Untreated wastewater that does not have to undergo treatment,,
2013,Untreated wastewater that does not have to undergo treatment,,65.8
2014,Untreated wastewater that does not have to undergo treatment,,
2015,Untreated wastewater that does not have to undergo treatment,,
2016,Untreated wastewater that does not have to undergo treatment,,65.4
2017,Untreated wastewater that does not have to undergo treatment,,
2018,Untreated wastewater that does not have to undergo treatment,,
2019,Untreated wastewater that does not have to undergo treatment,,
2020,Untreated wastewater that does not have to undergo treatment,,
2010,Untreated wastewater that does not have to undergo treatment,Cooling water,68.3
2011,Untreated wastewater that does not have to undergo treatment,Cooling water,
2012,Untreated wastewater that does not have to undergo treatment,Cooling water,
2013,Untreated wastewater that does not have to undergo treatment,Cooling water,60.3
2014,Untreated wastewater that does not have to undergo treatment,Cooling water,
2015,Untreated wastewater that does not have to undergo treatment,Cooling water,
2016,Untreated wastewater that does not have to undergo treatment,Cooling water,59.7
2017,Untreated wastewater that does not have to undergo treatment,Cooling water,
2018,Untreated wastewater that does not have to undergo treatment,Cooling water,
2019,Untreated wastewater that does not have to undergo treatment,Cooling water,
2020,Untreated wastewater that does not have to undergo treatment,Cooling water,
2010,Untreated wastewater that does not have to undergo treatment,Other wastewater,4.4
2011,Untreated wastewater that does not have to undergo treatment,Other wastewater,
2012,Untreated wastewater that does not have to undergo treatment,Other wastewater,
2013,Untreated wastewater that does not have to undergo treatment,Other wastewater,5.5
2014,Untreated wastewater that does not have to undergo treatment,Other wastewater,
2015,Untreated wastewater that does not have to undergo treatment,Other wastewater,
2016,Untreated wastewater that does not have to undergo treatment,Other wastewater,5.7
2017,Untreated wastewater that does not have to undergo treatment,Other wastewater,
2018,Untreated wastewater that does not have to undergo treatment,Other wastewater,
2019,Untreated wastewater that does not have to undergo treatment,Other wastewater,
2020,Untreated wastewater that does not have to undergo treatment,Other wastewater,
