Year,Time series,Value
2010,Transboundary basin area with an operational arrangement for water cooperation,100.0
2011,Transboundary basin area with an operational arrangement for water cooperation,100.0
2012,Transboundary basin area with an operational arrangement for water cooperation,100.0
2013,Transboundary basin area with an operational arrangement for water cooperation,100.0
2014,Transboundary basin area with an operational arrangement for water cooperation,100.0
2015,Transboundary basin area with an operational arrangement for water cooperation,100.0
2016,Transboundary basin area with an operational arrangement for water cooperation,100.0
2017,Transboundary basin area with an operational arrangement for water cooperation,100.0
2018,Transboundary basin area with an operational arrangement for water cooperation,100.0
