Year,Units,Series,Value
2010,Percentage,Population with access to electricity,100.0
2011,Percentage,Population with access to electricity,100.0
2012,Percentage,Population with access to electricity,100.0
2013,Percentage,Population with access to electricity,100.0
2014,Percentage,Population with access to electricity,100.0
2015,Percentage,Population with access to electricity,100.0
2016,Percentage,Population with access to electricity,100.0
2017,Percentage,Population with access to electricity,100.0
2018,Percentage,Population with access to electricity,100.0
2019,Percentage,Population with access to electricity,100.0
2020,Percentage,Population with access to electricity,100.0
2021,Percentage,Population with access to electricity,100.0
2010,"1,000",Households and small-sized enterprises connected to the electricity network,44391.3
2011,"1,000",Households and small-sized enterprises connected to the electricity network,44766.6
2012,"1,000",Households and small-sized enterprises connected to the electricity network,45722.9
2013,"1,000",Households and small-sized enterprises connected to the electricity network,46105.0
2014,"1,000",Households and small-sized enterprises connected to the electricity network,46918.7
2015,"1,000",Households and small-sized enterprises connected to the electricity network,47283.1
2016,"1,000",Households and small-sized enterprises connected to the electricity network,47606.5
2017,"1,000",Households and small-sized enterprises connected to the electricity network,47241.7
2018,"1,000",Households and small-sized enterprises connected to the electricity network,48394.5
2019,"1,000",Households and small-sized enterprises connected to the electricity network,48441.5
2020,"1,000",Households and small-sized enterprises connected to the electricity network,49137.9
2021,"1,000",Households and small-sized enterprises connected to the electricity network,
