Year,Economic activity,COMMENT_OBS_0,COMMENT_OBS_1,COMMENT_OBS_2,Series,Value
2010,Accommodation for visitors: hotels and similar establishments,.,,,<u>Time series of the indicator:</u> Employed persons,
2011,Accommodation for visitors: hotels and similar establishments,.,,,<u>Time series of the indicator:</u> Employed persons,
2012,Accommodation for visitors: hotels and similar establishments,.,,,<u>Time series of the indicator:</u> Employed persons,
2013,Accommodation for visitors: hotels and similar establishments,.,,,<u>Time series of the indicator:</u> Employed persons,
2014,Accommodation for visitors: hotels and similar establishments,.,,,<u>Time series of the indicator:</u> Employed persons,
2015,Accommodation for visitors: hotels and similar establishments,.,,,<u>Time series of the indicator:</u> Employed persons,
2016,Accommodation for visitors: hotels and similar establishments,.,,,<u>Time series of the indicator:</u> Employed persons,
2017,Accommodation for visitors: hotels and similar establishments,.,,,<u>Time series of the indicator:</u> Employed persons,
2018,Accommodation for visitors: hotels and similar establishments,.,,,<u>Time series of the indicator:</u> Employed persons,
2019,Accommodation for visitors: hotels and similar establishments,.,,,<u>Time series of the indicator:</u> Employed persons,
2020,Accommodation for visitors: hotels and similar establishments,,,,<u>Time series of the indicator:</u> Employed persons,433154.0
2021,Accommodation for visitors: hotels and similar establishments,,,,<u>Time series of the indicator:</u> Employed persons,458101.0
2022,Accommodation for visitors: hotels and similar establishments,,,,<u>Time series of the indicator:</u> Employed persons,493938.0
2023,Accommodation for visitors: hotels and similar establishments,,,,<u>Time series of the indicator:</u> Employed persons,498001.0
2010,Accommodation for visitors: other,.,,,<u>Time series of the indicator:</u> Employed persons,
2011,Accommodation for visitors: other,.,,,<u>Time series of the indicator:</u> Employed persons,
2012,Accommodation for visitors: other,.,,,<u>Time series of the indicator:</u> Employed persons,
2013,Accommodation for visitors: other,.,,,<u>Time series of the indicator:</u> Employed persons,
2014,Accommodation for visitors: other,.,,,<u>Time series of the indicator:</u> Employed persons,
2015,Accommodation for visitors: other,.,,,<u>Time series of the indicator:</u> Employed persons,
2016,Accommodation for visitors: other,.,,,<u>Time series of the indicator:</u> Employed persons,
2017,Accommodation for visitors: other,.,,,<u>Time series of the indicator:</u> Employed persons,
2018,Accommodation for visitors: other,.,,,<u>Time series of the indicator:</u> Employed persons,
2019,Accommodation for visitors: other,.,,,<u>Time series of the indicator:</u> Employed persons,
2020,Accommodation for visitors: other,,,,<u>Time series of the indicator:</u> Employed persons,521462.0
2021,Accommodation for visitors: other,,,,<u>Time series of the indicator:</u> Employed persons,691160.0
2022,Accommodation for visitors: other,,,,<u>Time series of the indicator:</u> Employed persons,667494.0
2023,Accommodation for visitors: other,,,,<u>Time series of the indicator:</u> Employed persons,664668.0
2010,Food and beverage serving activities,.,,,<u>Time series of the indicator:</u> Employed persons,
2011,Food and beverage serving activities,.,,,<u>Time series of the indicator:</u> Employed persons,
2012,Food and beverage serving activities,.,,,<u>Time series of the indicator:</u> Employed persons,
2013,Food and beverage serving activities,.,,,<u>Time series of the indicator:</u> Employed persons,
2014,Food and beverage serving activities,.,,,<u>Time series of the indicator:</u> Employed persons,
2015,Food and beverage serving activities,.,,,<u>Time series of the indicator:</u> Employed persons,
2016,Food and beverage serving activities,.,,,<u>Time series of the indicator:</u> Employed persons,
2017,Food and beverage serving activities,.,,,<u>Time series of the indicator:</u> Employed persons,
2018,Food and beverage serving activities,.,,,<u>Time series of the indicator:</u> Employed persons,
2019,Food and beverage serving activities,.,,,<u>Time series of the indicator:</u> Employed persons,
2020,Food and beverage serving activities,,,,<u>Time series of the indicator:</u> Employed persons,1336699.0
2021,Food and beverage serving activities,,,,<u>Time series of the indicator:</u> Employed persons,1457238.0
2022,Food and beverage serving activities,,,,<u>Time series of the indicator:</u> Employed persons,1514878.0
2023,Food and beverage serving activities,,,,<u>Time series of the indicator:</u> Employed persons,1541245.0
2022,Railway passenger transport,,,,<u>Time series of the indicator:</u> Employed persons,25222.0
2023,Railway passenger transport,,,,<u>Time series of the indicator:</u> Employed persons,25745.0
2010,Road passenger transport,.,,,<u>Time series of the indicator:</u> Employed persons,
2011,Road passenger transport,.,,,<u>Time series of the indicator:</u> Employed persons,
2012,Road passenger transport,.,,,<u>Time series of the indicator:</u> Employed persons,
2013,Road passenger transport,.,,,<u>Time series of the indicator:</u> Employed persons,
2014,Road passenger transport,.,,,<u>Time series of the indicator:</u> Employed persons,
2015,Road passenger transport,.,,,<u>Time series of the indicator:</u> Employed persons,
2016,Road passenger transport,.,,,<u>Time series of the indicator:</u> Employed persons,
2017,Road passenger transport,.,,,<u>Time series of the indicator:</u> Employed persons,
2018,Road passenger transport,.,,,<u>Time series of the indicator:</u> Employed persons,
2019,Road passenger transport,.,,,<u>Time series of the indicator:</u> Employed persons,
2020,Road passenger transport,,,,<u>Time series of the indicator:</u> Employed persons,164649.0
2021,Road passenger transport,,,,<u>Time series of the indicator:</u> Employed persons,186530.0
2022,Road passenger transport,,,,<u>Time series of the indicator:</u> Employed persons,194485.0
2023,Road passenger transport,,,,<u>Time series of the indicator:</u> Employed persons,205032.0
2010,Water passenger transport,.,,,<u>Time series of the indicator:</u> Employed persons,
2011,Water passenger transport,.,,,<u>Time series of the indicator:</u> Employed persons,
2012,Water passenger transport,.,,,<u>Time series of the indicator:</u> Employed persons,
2013,Water passenger transport,.,,,<u>Time series of the indicator:</u> Employed persons,
2014,Water passenger transport,.,,,<u>Time series of the indicator:</u> Employed persons,
2015,Water passenger transport,.,,,<u>Time series of the indicator:</u> Employed persons,
2016,Water passenger transport,.,,,<u>Time series of the indicator:</u> Employed persons,
2017,Water passenger transport,.,,,<u>Time series of the indicator:</u> Employed persons,
2018,Water passenger transport,.,,,<u>Time series of the indicator:</u> Employed persons,
2019,Water passenger transport,.,,,<u>Time series of the indicator:</u> Employed persons,
2020,Water passenger transport,,,,<u>Time series of the indicator:</u> Employed persons,8614.0
2021,Water passenger transport,,,,<u>Time series of the indicator:</u> Employed persons,8756.0
2022,Water passenger transport,,,,<u>Time series of the indicator:</u> Employed persons,9206.0
2023,Water passenger transport,,,,<u>Time series of the indicator:</u> Employed persons,8967.0
2010,Air passenger transport,.,,,<u>Time series of the indicator:</u> Employed persons,
2011,Air passenger transport,.,,,<u>Time series of the indicator:</u> Employed persons,
2012,Air passenger transport,.,,,<u>Time series of the indicator:</u> Employed persons,
2013,Air passenger transport,.,,,<u>Time series of the indicator:</u> Employed persons,
2014,Air passenger transport,.,,,<u>Time series of the indicator:</u> Employed persons,
2015,Air passenger transport,.,,,<u>Time series of the indicator:</u> Employed persons,
2016,Air passenger transport,.,,,<u>Time series of the indicator:</u> Employed persons,
2017,Air passenger transport,.,,,<u>Time series of the indicator:</u> Employed persons,
2018,Air passenger transport,.,,,<u>Time series of the indicator:</u> Employed persons,
2019,Air passenger transport,.,,,<u>Time series of the indicator:</u> Employed persons,
2020,Air passenger transport,,,,<u>Time series of the indicator:</u> Employed persons,58297.0
2021,Air passenger transport,,,,<u>Time series of the indicator:</u> Employed persons,54734.0
2022,Air passenger transport,,,,<u>Time series of the indicator:</u> Employed persons,52686.0
2023,Air passenger transport,,,,<u>Time series of the indicator:</u> Employed persons,57060.0
2010,Transport equipment rental,.,,,<u>Time series of the indicator:</u> Employed persons,
2011,Transport equipment rental,.,,,<u>Time series of the indicator:</u> Employed persons,
2012,Transport equipment rental,.,,,<u>Time series of the indicator:</u> Employed persons,
2013,Transport equipment rental,.,,,<u>Time series of the indicator:</u> Employed persons,
2014,Transport equipment rental,.,,,<u>Time series of the indicator:</u> Employed persons,
2015,Transport equipment rental,.,,,<u>Time series of the indicator:</u> Employed persons,
2016,Transport equipment rental,.,,,<u>Time series of the indicator:</u> Employed persons,
2017,Transport equipment rental,.,,,<u>Time series of the indicator:</u> Employed persons,
2018,Transport equipment rental,.,,,<u>Time series of the indicator:</u> Employed persons,
2019,Transport equipment rental,.,,,<u>Time series of the indicator:</u> Employed persons,
2020,Transport equipment rental,,,,<u>Time series of the indicator:</u> Employed persons,34896.0
2021,Transport equipment rental,,,,<u>Time series of the indicator:</u> Employed persons,41038.0
2022,Transport equipment rental,,,,<u>Time series of the indicator:</u> Employed persons,45861.0
2023,Transport equipment rental,,,,<u>Time series of the indicator:</u> Employed persons,43418.0
2010,Travel agencies and other reservation service activities,.,,,<u>Time series of the indicator:</u> Employed persons,
2011,Travel agencies and other reservation service activities,.,,,<u>Time series of the indicator:</u> Employed persons,
2012,Travel agencies and other reservation service activities,.,,,<u>Time series of the indicator:</u> Employed persons,
2013,Travel agencies and other reservation service activities,.,,,<u>Time series of the indicator:</u> Employed persons,
2014,Travel agencies and other reservation service activities,.,,,<u>Time series of the indicator:</u> Employed persons,
2015,Travel agencies and other reservation service activities,.,,,<u>Time series of the indicator:</u> Employed persons,
2016,Travel agencies and other reservation service activities,.,,,<u>Time series of the indicator:</u> Employed persons,
2017,Travel agencies and other reservation service activities,.,,,<u>Time series of the indicator:</u> Employed persons,
2018,Travel agencies and other reservation service activities,.,,,<u>Time series of the indicator:</u> Employed persons,
2019,Travel agencies and other reservation service activities,.,,,<u>Time series of the indicator:</u> Employed persons,
2020,Travel agencies and other reservation service activities,,,,<u>Time series of the indicator:</u> Employed persons,81779.0
2021,Travel agencies and other reservation service activities,,,,<u>Time series of the indicator:</u> Employed persons,79189.0
2022,Travel agencies and other reservation service activities,,,,<u>Time series of the indicator:</u> Employed persons,88512.0
2023,Travel agencies and other reservation service activities,,,,<u>Time series of the indicator:</u> Employed persons,84618.0
2021,Cultural activities,,,,<u>Time series of the indicator:</u> Employed persons,93922.0
2022,Cultural activities,,,,<u>Time series of the indicator:</u> Employed persons,104048.0
2023,Cultural activities,,,,<u>Time series of the indicator:</u> Employed persons,109369.0
2021,Sports and Recreational activities,,,,<u>Time series of the indicator:</u> Employed persons,306401.0
2022,Sports and Recreational activities,,,,<u>Time series of the indicator:</u> Employed persons,320884.0
2023,Sports and Recreational activities,,,,<u>Time series of the indicator:</u> Employed persons,312225.0
2010,Accommodation for visitors: hotels and similar establishments,.,,,<u>Additional time series:</u> Employees,
2011,Accommodation for visitors: hotels and similar establishments,.,,,<u>Additional time series:</u> Employees,
2012,Accommodation for visitors: hotels and similar establishments,.,,,<u>Additional time series:</u> Employees,
2013,Accommodation for visitors: hotels and similar establishments,.,,,<u>Additional time series:</u> Employees,
2014,Accommodation for visitors: hotels and similar establishments,.,,,<u>Additional time series:</u> Employees,
2015,Accommodation for visitors: hotels and similar establishments,.,,,<u>Additional time series:</u> Employees,
2016,Accommodation for visitors: hotels and similar establishments,.,,,<u>Additional time series:</u> Employees,
2017,Accommodation for visitors: hotels and similar establishments,.,,,<u>Additional time series:</u> Employees,
2018,Accommodation for visitors: hotels and similar establishments,.,,,<u>Additional time series:</u> Employees,
2019,Accommodation for visitors: hotels and similar establishments,.,,,<u>Additional time series:</u> Employees,
2020,Accommodation for visitors: hotels and similar establishments,,,,<u>Additional time series:</u> Employees,387316.0
2021,Accommodation for visitors: hotels and similar establishments,,,,<u>Additional time series:</u> Employees,412861.0
2022,Accommodation for visitors: hotels and similar establishments,,,,<u>Additional time series:</u> Employees,447744.0
2023,Accommodation for visitors: hotels and similar establishments,,,,<u>Additional time series:</u> Employees,451432.0
2010,Accommodation for visitors: other,.,,,<u>Additional time series:</u> Employees,
2011,Accommodation for visitors: other,.,,,<u>Additional time series:</u> Employees,
2012,Accommodation for visitors: other,.,,,<u>Additional time series:</u> Employees,
2013,Accommodation for visitors: other,.,,,<u>Additional time series:</u> Employees,
2014,Accommodation for visitors: other,.,,,<u>Additional time series:</u> Employees,
2015,Accommodation for visitors: other,.,,,<u>Additional time series:</u> Employees,
2016,Accommodation for visitors: other,.,,,<u>Additional time series:</u> Employees,
2017,Accommodation for visitors: other,.,,,<u>Additional time series:</u> Employees,
2018,Accommodation for visitors: other,.,,,<u>Additional time series:</u> Employees,
2019,Accommodation for visitors: other,.,,,<u>Additional time series:</u> Employees,
2020,Accommodation for visitors: other,,,,<u>Additional time series:</u> Employees,333052.0
2021,Accommodation for visitors: other,,,,<u>Additional time series:</u> Employees,474192.0
2022,Accommodation for visitors: other,,,,<u>Additional time series:</u> Employees,474307.0
2023,Accommodation for visitors: other,,,,<u>Additional time series:</u> Employees,471128.0
2010,Food and beverage serving activities,.,,,<u>Additional time series:</u> Employees,
2011,Food and beverage serving activities,.,,,<u>Additional time series:</u> Employees,
2012,Food and beverage serving activities,.,,,<u>Additional time series:</u> Employees,
2013,Food and beverage serving activities,.,,,<u>Additional time series:</u> Employees,
2014,Food and beverage serving activities,.,,,<u>Additional time series:</u> Employees,
2015,Food and beverage serving activities,.,,,<u>Additional time series:</u> Employees,
2016,Food and beverage serving activities,.,,,<u>Additional time series:</u> Employees,
2017,Food and beverage serving activities,.,,,<u>Additional time series:</u> Employees,
2018,Food and beverage serving activities,.,,,<u>Additional time series:</u> Employees,
2019,Food and beverage serving activities,.,,,<u>Additional time series:</u> Employees,
2020,Food and beverage serving activities,,,,<u>Additional time series:</u> Employees,1147866.0
2021,Food and beverage serving activities,,,,<u>Additional time series:</u> Employees,1281136.0
2022,Food and beverage serving activities,,,,<u>Additional time series:</u> Employees,1338977.0
2023,Food and beverage serving activities,,,,<u>Additional time series:</u> Employees,1363796.0
2022,Railway passenger transport,,,,<u>Additional time series:</u> Employees,25202.0
2023,Railway passenger transport,,,,<u>Additional time series:</u> Employees,25719.0
2010,Road passenger transport,.,,,<u>Additional time series:</u> Employees,
2011,Road passenger transport,.,,,<u>Additional time series:</u> Employees,
2012,Road passenger transport,.,,,<u>Additional time series:</u> Employees,
2013,Road passenger transport,.,,,<u>Additional time series:</u> Employees,
2014,Road passenger transport,.,,,<u>Additional time series:</u> Employees,
2015,Road passenger transport,.,,,<u>Additional time series:</u> Employees,
2016,Road passenger transport,.,,,<u>Additional time series:</u> Employees,
2017,Road passenger transport,.,,,<u>Additional time series:</u> Employees,
2018,Road passenger transport,.,,,<u>Additional time series:</u> Employees,
2019,Road passenger transport,.,,,<u>Additional time series:</u> Employees,
2020,Road passenger transport,,,,<u>Additional time series:</u> Employees,141037.0
2021,Road passenger transport,,,,<u>Additional time series:</u> Employees,164689.0
2022,Road passenger transport,,,,<u>Additional time series:</u> Employees,171881.0
2023,Road passenger transport,,,,<u>Additional time series:</u> Employees,182026.0
2010,Water passenger transport,.,,,<u>Additional time series:</u> Employees,
2011,Water passenger transport,.,,,<u>Additional time series:</u> Employees,
2012,Water passenger transport,.,,,<u>Additional time series:</u> Employees,
2013,Water passenger transport,.,,,<u>Additional time series:</u> Employees,
2014,Water passenger transport,.,,,<u>Additional time series:</u> Employees,
2015,Water passenger transport,.,,,<u>Additional time series:</u> Employees,
2016,Water passenger transport,.,,,<u>Additional time series:</u> Employees,
2017,Water passenger transport,.,,,<u>Additional time series:</u> Employees,
2018,Water passenger transport,.,,,<u>Additional time series:</u> Employees,
2019,Water passenger transport,.,,,<u>Additional time series:</u> Employees,
2020,Water passenger transport,,,,<u>Additional time series:</u> Employees,8137.0
2021,Water passenger transport,,,,<u>Additional time series:</u> Employees,8254.0
2022,Water passenger transport,,,,<u>Additional time series:</u> Employees,8710.0
2023,Water passenger transport,,,,<u>Additional time series:</u> Employees,8480.0
2010,Air passenger transport,.,,,<u>Additional time series:</u> Employees,
2011,Air passenger transport,.,,,<u>Additional time series:</u> Employees,
2012,Air passenger transport,.,,,<u>Additional time series:</u> Employees,
2013,Air passenger transport,.,,,<u>Additional time series:</u> Employees,
2014,Air passenger transport,.,,,<u>Additional time series:</u> Employees,
2015,Air passenger transport,.,,,<u>Additional time series:</u> Employees,
2016,Air passenger transport,.,,,<u>Additional time series:</u> Employees,
2017,Air passenger transport,.,,,<u>Additional time series:</u> Employees,
2018,Air passenger transport,.,,,<u>Additional time series:</u> Employees,
2019,Air passenger transport,.,,,<u>Additional time series:</u> Employees,
2020,Air passenger transport,,,,<u>Additional time series:</u> Employees,57763.0
2021,Air passenger transport,,,,<u>Additional time series:</u> Employees,53976.0
2022,Air passenger transport,,,,<u>Additional time series:</u> Employees,52214.0
2023,Air passenger transport,,,,<u>Additional time series:</u> Employees,56268.0
2010,Transport equipment rental,.,,,<u>Additional time series:</u> Employees,
2011,Transport equipment rental,.,,,<u>Additional time series:</u> Employees,
2012,Transport equipment rental,.,,,<u>Additional time series:</u> Employees,
2013,Transport equipment rental,.,,,<u>Additional time series:</u> Employees,
2014,Transport equipment rental,.,,,<u>Additional time series:</u> Employees,
2015,Transport equipment rental,.,,,<u>Additional time series:</u> Employees,
2016,Transport equipment rental,.,,,<u>Additional time series:</u> Employees,
2017,Transport equipment rental,.,,,<u>Additional time series:</u> Employees,
2018,Transport equipment rental,.,,,<u>Additional time series:</u> Employees,
2019,Transport equipment rental,.,,,<u>Additional time series:</u> Employees,
2020,Transport equipment rental,,,,<u>Additional time series:</u> Employees,30207.0
2021,Transport equipment rental,,,,<u>Additional time series:</u> Employees,35394.0
2022,Transport equipment rental,,,,<u>Additional time series:</u> Employees,40890.0
2023,Transport equipment rental,,,,<u>Additional time series:</u> Employees,38225.0
2010,Travel agencies and other reservation service activities,.,,,<u>Additional time series:</u> Employees,
2011,Travel agencies and other reservation service activities,.,,,<u>Additional time series:</u> Employees,
2012,Travel agencies and other reservation service activities,.,,,<u>Additional time series:</u> Employees,
2013,Travel agencies and other reservation service activities,.,,,<u>Additional time series:</u> Employees,
2014,Travel agencies and other reservation service activities,.,,,<u>Additional time series:</u> Employees,
2015,Travel agencies and other reservation service activities,.,,,<u>Additional time series:</u> Employees,
2016,Travel agencies and other reservation service activities,.,,,<u>Additional time series:</u> Employees,
2017,Travel agencies and other reservation service activities,.,,,<u>Additional time series:</u> Employees,
2018,Travel agencies and other reservation service activities,.,,,<u>Additional time series:</u> Employees,
2019,Travel agencies and other reservation service activities,.,,,<u>Additional time series:</u> Employees,
2020,Travel agencies and other reservation service activities,,,,<u>Additional time series:</u> Employees,71757.0
2021,Travel agencies and other reservation service activities,,,,<u>Additional time series:</u> Employees,69620.0
2022,Travel agencies and other reservation service activities,,,,<u>Additional time series:</u> Employees,78682.0
2023,Travel agencies and other reservation service activities,,,,<u>Additional time series:</u> Employees,74969.0
2021,Cultural activities,,,,<u>Additional time series:</u> Employees,48031.0
2022,Cultural activities,,,,<u>Additional time series:</u> Employees,53906.0
2023,Cultural activities,,,,<u>Additional time series:</u> Employees,56266.0
2021,Sports and Recreational activities,,,,<u>Additional time series:</u> Employees,275068.0
2022,Sports and Recreational activities,,,,<u>Additional time series:</u> Employees,286360.0
2023,Sports and Recreational activities,,,,<u>Additional time series:</u> Employees,276102.0
2010,Accommodation for visitors: hotels and similar establishments,.,,,<u>Additional time series:</u> Full-time equivalents,
2011,Accommodation for visitors: hotels and similar establishments,.,,,<u>Additional time series:</u> Full-time equivalents,
2012,Accommodation for visitors: hotels and similar establishments,.,,,<u>Additional time series:</u> Full-time equivalents,
2013,Accommodation for visitors: hotels and similar establishments,.,,,<u>Additional time series:</u> Full-time equivalents,
2014,Accommodation for visitors: hotels and similar establishments,.,,,<u>Additional time series:</u> Full-time equivalents,
2015,Accommodation for visitors: hotels and similar establishments,.,,,<u>Additional time series:</u> Full-time equivalents,
2016,Accommodation for visitors: hotels and similar establishments,.,,,<u>Additional time series:</u> Full-time equivalents,
2017,Accommodation for visitors: hotels and similar establishments,.,,,<u>Additional time series:</u> Full-time equivalents,
2018,Accommodation for visitors: hotels and similar establishments,.,,,<u>Additional time series:</u> Full-time equivalents,
2019,Accommodation for visitors: hotels and similar establishments,.,,,<u>Additional time series:</u> Full-time equivalents,
2020,Accommodation for visitors: hotels and similar establishments,,,,<u>Additional time series:</u> Full-time equivalents,289724.0
2021,Accommodation for visitors: hotels and similar establishments,,,,<u>Additional time series:</u> Full-time equivalents,345255.0
2022,Accommodation for visitors: hotels and similar establishments,,,,<u>Additional time series:</u> Full-time equivalents,353567.0
2023,Accommodation for visitors: hotels and similar establishments,,,,<u>Additional time series:</u> Full-time equivalents,353567.0
2010,Accommodation for visitors: other,.,,,<u>Additional time series:</u> Full-time equivalents,
2011,Accommodation for visitors: other,.,,,<u>Additional time series:</u> Full-time equivalents,
2012,Accommodation for visitors: other,.,,,<u>Additional time series:</u> Full-time equivalents,
2013,Accommodation for visitors: other,.,,,<u>Additional time series:</u> Full-time equivalents,
2014,Accommodation for visitors: other,.,,,<u>Additional time series:</u> Full-time equivalents,
2015,Accommodation for visitors: other,.,,,<u>Additional time series:</u> Full-time equivalents,
2016,Accommodation for visitors: other,.,,,<u>Additional time series:</u> Full-time equivalents,
2017,Accommodation for visitors: other,.,,,<u>Additional time series:</u> Full-time equivalents,
2018,Accommodation for visitors: other,.,,,<u>Additional time series:</u> Full-time equivalents,
2019,Accommodation for visitors: other,.,,,<u>Additional time series:</u> Full-time equivalents,
2020,Accommodation for visitors: other,,,,<u>Additional time series:</u> Full-time equivalents,270579.0
2021,Accommodation for visitors: other,,,,<u>Additional time series:</u> Full-time equivalents,406427.0
2022,Accommodation for visitors: other,,,,<u>Additional time series:</u> Full-time equivalents,377342.0
2023,Accommodation for visitors: other,,,,<u>Additional time series:</u> Full-time equivalents,374218.0
2010,Food and beverage serving activities,.,,,<u>Additional time series:</u> Full-time equivalents,
2011,Food and beverage serving activities,.,,,<u>Additional time series:</u> Full-time equivalents,
2012,Food and beverage serving activities,.,,,<u>Additional time series:</u> Full-time equivalents,
2013,Food and beverage serving activities,.,,,<u>Additional time series:</u> Full-time equivalents,
2014,Food and beverage serving activities,.,,,<u>Additional time series:</u> Full-time equivalents,
2015,Food and beverage serving activities,.,,,<u>Additional time series:</u> Full-time equivalents,
2016,Food and beverage serving activities,.,,,<u>Additional time series:</u> Full-time equivalents,
2017,Food and beverage serving activities,.,,,<u>Additional time series:</u> Full-time equivalents,
2018,Food and beverage serving activities,.,,,<u>Additional time series:</u> Full-time equivalents,
2019,Food and beverage serving activities,.,,,<u>Additional time series:</u> Full-time equivalents,
2020,Food and beverage serving activities,,,,<u>Additional time series:</u> Full-time equivalents,743998.0
2021,Food and beverage serving activities,,,,<u>Additional time series:</u> Full-time equivalents,1072961.0
2022,Food and beverage serving activities,,,,<u>Additional time series:</u> Full-time equivalents,925027.0
2023,Food and beverage serving activities,,,,<u>Additional time series:</u> Full-time equivalents,932114.0
2022,Railway passenger transport,,,,<u>Additional time series:</u> Full-time equivalents,23151.0
2023,Railway passenger transport,,,,<u>Additional time series:</u> Full-time equivalents,23326.0
2010,Road passenger transport,.,,,<u>Additional time series:</u> Full-time equivalents,
2011,Road passenger transport,.,,,<u>Additional time series:</u> Full-time equivalents,
2012,Road passenger transport,.,,,<u>Additional time series:</u> Full-time equivalents,
2013,Road passenger transport,.,,,<u>Additional time series:</u> Full-time equivalents,
2014,Road passenger transport,.,,,<u>Additional time series:</u> Full-time equivalents,
2015,Road passenger transport,.,,,<u>Additional time series:</u> Full-time equivalents,
2016,Road passenger transport,.,,,<u>Additional time series:</u> Full-time equivalents,
2017,Road passenger transport,.,,,<u>Additional time series:</u> Full-time equivalents,
2018,Road passenger transport,.,,,<u>Additional time series:</u> Full-time equivalents,
2019,Road passenger transport,.,,,<u>Additional time series:</u> Full-time equivalents,
2020,Road passenger transport,,,,<u>Additional time series:</u> Full-time equivalents,96528.0
2021,Road passenger transport,,,,<u>Additional time series:</u> Full-time equivalents,129574.0
2022,Road passenger transport,,,,<u>Additional time series:</u> Full-time equivalents,126403.0
2023,Road passenger transport,,,,<u>Additional time series:</u> Full-time equivalents,128524.0
2010,Water passenger transport,.,,,<u>Additional time series:</u> Full-time equivalents,
2011,Water passenger transport,.,,,<u>Additional time series:</u> Full-time equivalents,
2012,Water passenger transport,.,,,<u>Additional time series:</u> Full-time equivalents,
2013,Water passenger transport,.,,,<u>Additional time series:</u> Full-time equivalents,
2014,Water passenger transport,.,,,<u>Additional time series:</u> Full-time equivalents,
2015,Water passenger transport,.,,,<u>Additional time series:</u> Full-time equivalents,
2016,Water passenger transport,.,,,<u>Additional time series:</u> Full-time equivalents,
2017,Water passenger transport,.,,,<u>Additional time series:</u> Full-time equivalents,
2018,Water passenger transport,.,,,<u>Additional time series:</u> Full-time equivalents,
2019,Water passenger transport,.,,,<u>Additional time series:</u> Full-time equivalents,
2020,Water passenger transport,,,,<u>Additional time series:</u> Full-time equivalents,6722.0
2021,Water passenger transport,,,,<u>Additional time series:</u> Full-time equivalents,7346.0
2022,Water passenger transport,,,,<u>Additional time series:</u> Full-time equivalents,7746.0
2023,Water passenger transport,,,,<u>Additional time series:</u> Full-time equivalents,7414.0
2010,Air passenger transport,.,,,<u>Additional time series:</u> Full-time equivalents,
2011,Air passenger transport,.,,,<u>Additional time series:</u> Full-time equivalents,
2012,Air passenger transport,.,,,<u>Additional time series:</u> Full-time equivalents,
2013,Air passenger transport,.,,,<u>Additional time series:</u> Full-time equivalents,
2014,Air passenger transport,.,,,<u>Additional time series:</u> Full-time equivalents,
2015,Air passenger transport,.,,,<u>Additional time series:</u> Full-time equivalents,
2016,Air passenger transport,.,,,<u>Additional time series:</u> Full-time equivalents,
2017,Air passenger transport,.,,,<u>Additional time series:</u> Full-time equivalents,
2018,Air passenger transport,.,,,<u>Additional time series:</u> Full-time equivalents,
2019,Air passenger transport,.,,,<u>Additional time series:</u> Full-time equivalents,
2020,Air passenger transport,,,,<u>Additional time series:</u> Full-time equivalents,45264.0
2021,Air passenger transport,,,,<u>Additional time series:</u> Full-time equivalents,45513.0
2022,Air passenger transport,,,,<u>Additional time series:</u> Full-time equivalents,44077.0
2023,Air passenger transport,,,,<u>Additional time series:</u> Full-time equivalents,47678.0
2010,Transport equipment rental,.,,,<u>Additional time series:</u> Full-time equivalents,
2011,Transport equipment rental,.,,,<u>Additional time series:</u> Full-time equivalents,
2012,Transport equipment rental,.,,,<u>Additional time series:</u> Full-time equivalents,
2013,Transport equipment rental,.,,,<u>Additional time series:</u> Full-time equivalents,
2014,Transport equipment rental,.,,,<u>Additional time series:</u> Full-time equivalents,
2015,Transport equipment rental,.,,,<u>Additional time series:</u> Full-time equivalents,
2016,Transport equipment rental,.,,,<u>Additional time series:</u> Full-time equivalents,
2017,Transport equipment rental,.,,,<u>Additional time series:</u> Full-time equivalents,
2018,Transport equipment rental,.,,,<u>Additional time series:</u> Full-time equivalents,
2019,Transport equipment rental,.,,,<u>Additional time series:</u> Full-time equivalents,
2020,Transport equipment rental,,,,<u>Additional time series:</u> Full-time equivalents,24773.0
2021,Transport equipment rental,,,,<u>Additional time series:</u> Full-time equivalents,29873.0
2022,Transport equipment rental,,,,<u>Additional time series:</u> Full-time equivalents,33751.0
2023,Transport equipment rental,,,,<u>Additional time series:</u> Full-time equivalents,31106.0
2010,Travel agencies and other reservation service activities,.,,,<u>Additional time series:</u> Full-time equivalents,
2011,Travel agencies and other reservation service activities,.,,,<u>Additional time series:</u> Full-time equivalents,
2012,Travel agencies and other reservation service activities,.,,,<u>Additional time series:</u> Full-time equivalents,
2013,Travel agencies and other reservation service activities,.,,,<u>Additional time series:</u> Full-time equivalents,
2014,Travel agencies and other reservation service activities,.,,,<u>Additional time series:</u> Full-time equivalents,
2015,Travel agencies and other reservation service activities,.,,,<u>Additional time series:</u> Full-time equivalents,
2016,Travel agencies and other reservation service activities,.,,,<u>Additional time series:</u> Full-time equivalents,
2017,Travel agencies and other reservation service activities,.,,,<u>Additional time series:</u> Full-time equivalents,
2018,Travel agencies and other reservation service activities,.,,,<u>Additional time series:</u> Full-time equivalents,
2019,Travel agencies and other reservation service activities,.,,,<u>Additional time series:</u> Full-time equivalents,
2020,Travel agencies and other reservation service activities,,,,<u>Additional time series:</u> Full-time equivalents,59091.0
2021,Travel agencies and other reservation service activities,,,,<u>Additional time series:</u> Full-time equivalents,61658.0
2022,Travel agencies and other reservation service activities,,,,<u>Additional time series:</u> Full-time equivalents,66304.0
2023,Travel agencies and other reservation service activities,,,,<u>Additional time series:</u> Full-time equivalents,63200.0
2021,Cultural activities,,,,<u>Additional time series:</u> Full-time equivalents,40488.0
2022,Cultural activities,,,,<u>Additional time series:</u> Full-time equivalents,41359.0
2023,Cultural activities,,,,<u>Additional time series:</u> Full-time equivalents,43002.0
2021,Sports and Recreational activities,,,,<u>Additional time series:</u> Full-time equivalents,218932.0
2022,Sports and Recreational activities,,,,<u>Additional time series:</u> Full-time equivalents,193459.0
2023,Sports and Recreational activities,,,,<u>Additional time series:</u> Full-time equivalents,182289.0
