Year,Zeitreihe,COMMENT_OBS_0,COMMENT_OBS_1,COMMENT_OBS_2,Value
2010,Relation zwischen regulatorischen Eigenmitteln und anrechnungspflichtigen Positionen,,,,4.3
2011,Relation zwischen regulatorischen Eigenmitteln und anrechnungspflichtigen Positionen,,,,4.36
2012,Relation zwischen regulatorischen Eigenmitteln und anrechnungspflichtigen Positionen,,,,4.73
2013,Relation zwischen regulatorischen Eigenmitteln und anrechnungspflichtigen Positionen,,,,5.45
2014,Relation zwischen regulatorischen Eigenmitteln und anrechnungspflichtigen Positionen,,,,5.61
2015,Relation zwischen regulatorischen Eigenmitteln und anrechnungspflichtigen Positionen,,,,5.94
2016,Relation zwischen regulatorischen Eigenmitteln und anrechnungspflichtigen Positionen,,,,5.98
2017,Relation zwischen regulatorischen Eigenmitteln und anrechnungspflichtigen Positionen,,,,6.33
2018,Relation zwischen regulatorischen Eigenmitteln und anrechnungspflichtigen Positionen,,,,6.47
2019,Relation zwischen regulatorischen Eigenmitteln und anrechnungspflichtigen Positionen,|,,,6.31
2020,Relation zwischen regulatorischen Eigenmitteln und anrechnungspflichtigen Positionen,,,,5.93
2021,Relation zwischen regulatorischen Eigenmitteln und anrechnungspflichtigen Positionen,,,,5.94
2022,Relation zwischen regulatorischen Eigenmitteln und anrechnungspflichtigen Positionen,|,,,7.29
2023,Relation zwischen regulatorischen Eigenmitteln und anrechnungspflichtigen Positionen,,,,7.3
2024,Relation zwischen regulatorischen Eigenmitteln und anrechnungspflichtigen Positionen,…,,,
2010,Relation zwischen regulatori-schem Kernkapital (Tier 1) und anrechnungspflichtigen Positionen,,,,11.83
2011,Relation zwischen regulatori-schem Kernkapital (Tier 1) und anrechnungspflichtigen Positionen,,,,12.14
2012,Relation zwischen regulatori-schem Kernkapital (Tier 1) und anrechnungspflichtigen Positionen,,,,14.18
2013,Relation zwischen regulatori-schem Kernkapital (Tier 1) und anrechnungspflichtigen Positionen,,,,15.57
2014,Relation zwischen regulatori-schem Kernkapital (Tier 1) und anrechnungspflichtigen Positionen,,,,15.35
2015,Relation zwischen regulatori-schem Kernkapital (Tier 1) und anrechnungspflichtigen Positionen,,,,15.72
2016,Relation zwischen regulatori-schem Kernkapital (Tier 1) und anrechnungspflichtigen Positionen,,,,16.28
2017,Relation zwischen regulatori-schem Kernkapital (Tier 1) und anrechnungspflichtigen Positionen,,,,16.93
2018,Relation zwischen regulatori-schem Kernkapital (Tier 1) und anrechnungspflichtigen Positionen,,,,16.62
2019,Relation zwischen regulatori-schem Kernkapital (Tier 1) und anrechnungspflichtigen Positionen,|,,,16.54
2020,Relation zwischen regulatori-schem Kernkapital (Tier 1) und anrechnungspflichtigen Positionen,,,,17.15
2021,Relation zwischen regulatori-schem Kernkapital (Tier 1) und anrechnungspflichtigen Positionen,,,,16.84
2022,Relation zwischen regulatori-schem Kernkapital (Tier 1) und anrechnungspflichtigen Positionen,|,,,17.15
2023,Relation zwischen regulatori-schem Kernkapital (Tier 1) und anrechnungspflichtigen Positionen,,,,17.69
2024,Relation zwischen regulatori-schem Kernkapital (Tier 1) und anrechnungspflichtigen Positionen,,,,18.25
2010,Relation zwischen notleiden-den Krediten (abzüglich Risikovorsorge) und bilanziellem Eigenkapital,,,,34.22
2011,Relation zwischen notleiden-den Krediten (abzüglich Risikovorsorge) und bilanziellem Eigenkapital,,,,31.63
2012,Relation zwischen notleiden-den Krediten (abzüglich Risikovorsorge) und bilanziellem Eigenkapital,,,,27.41
2013,Relation zwischen notleiden-den Krediten (abzüglich Risikovorsorge) und bilanziellem Eigenkapital,,,,24.98
2014,Relation zwischen notleiden-den Krediten (abzüglich Risikovorsorge) und bilanziellem Eigenkapital,,,,21.28
2015,Relation zwischen notleiden-den Krediten (abzüglich Risikovorsorge) und bilanziellem Eigenkapital,,,,17.36
2016,Relation zwischen notleiden-den Krediten (abzüglich Risikovorsorge) und bilanziellem Eigenkapital,,,,14.68
2017,Relation zwischen notleiden-den Krediten (abzüglich Risikovorsorge) und bilanziellem Eigenkapital,,,,11.89
2018,Relation zwischen notleiden-den Krediten (abzüglich Risikovorsorge) und bilanziellem Eigenkapital,,,,9.06
2019,Relation zwischen notleiden-den Krediten (abzüglich Risikovorsorge) und bilanziellem Eigenkapital,|,,,7.43
2020,Relation zwischen notleiden-den Krediten (abzüglich Risikovorsorge) und bilanziellem Eigenkapital,,,,7.85
2021,Relation zwischen notleiden-den Krediten (abzüglich Risikovorsorge) und bilanziellem Eigenkapital,,,,6.93
2022,Relation zwischen notleiden-den Krediten (abzüglich Risikovorsorge) und bilanziellem Eigenkapital,|,,,13.3
2023,Relation zwischen notleiden-den Krediten (abzüglich Risikovorsorge) und bilanziellem Eigenkapital,,,,16.08
2024,Relation zwischen notleiden-den Krediten (abzüglich Risikovorsorge) und bilanziellem Eigenkapital,,,,18.58
2010,Anteil der notleidenden Kredite an den Bruttokrediten insgesamt,,,,3.2
2011,Anteil der notleidenden Kredite an den Bruttokrediten insgesamt,,,,3.03
2012,Anteil der notleidenden Kredite an den Bruttokrediten insgesamt,,,,2.86
2013,Anteil der notleidenden Kredite an den Bruttokrediten insgesamt,,,,2.7
2014,Anteil der notleidenden Kredite an den Bruttokrediten insgesamt,,,,2.34
2015,Anteil der notleidenden Kredite an den Bruttokrediten insgesamt,,,,1.97
2016,Anteil der notleidenden Kredite an den Bruttokrediten insgesamt,,,,1.71
2017,Anteil der notleidenden Kredite an den Bruttokrediten insgesamt,,,,1.5
2018,Anteil der notleidenden Kredite an den Bruttokrediten insgesamt,,,,1.24
2019,Anteil der notleidenden Kredite an den Bruttokrediten insgesamt,|,,,1.38
2020,Anteil der notleidenden Kredite an den Bruttokrediten insgesamt,,,,1.68
2021,Anteil der notleidenden Kredite an den Bruttokrediten insgesamt,,,,1.34
2022,Anteil der notleidenden Kredite an den Bruttokrediten insgesamt,|,,,1.23
2023,Anteil der notleidenden Kredite an den Bruttokrediten insgesamt,,,,1.54
2024,Anteil der notleidenden Kredite an den Bruttokrediten insgesamt,,,,1.77
2010,Gesamtkapitalrentabilität,,,,0.37
2011,Gesamtkapitalrentabilität,,,,0.53
2012,Gesamtkapitalrentabilität,,,,0.45
2013,Gesamtkapitalrentabilität,,,,0.36
2014,Gesamtkapitalrentabilität,,,,0.37
2015,Gesamtkapitalrentabilität,,,,0.4
2016,Gesamtkapitalrentabilität,,,,0.37
2017,Gesamtkapitalrentabilität,,,,0.37
2018,Gesamtkapitalrentabilität,,,,0.32
2019,Gesamtkapitalrentabilität,|,,,0.24
2020,Gesamtkapitalrentabilität,,,,0.16
2021,Gesamtkapitalrentabilität,,,,0.34
2022,Gesamtkapitalrentabilität,|,,,0.35
2023,Gesamtkapitalrentabilität,,,,0.51
2024,Gesamtkapitalrentabilität,,,,0.58
2010,Relation zwischen liquiden Aktiva und kurzfristigen Verbindlichkeiten,,,,136.99
2011,Relation zwischen liquiden Aktiva und kurzfristigen Verbindlichkeiten,,,,137.86
2012,Relation zwischen liquiden Aktiva und kurzfristigen Verbindlichkeiten,,,,144.17
2013,Relation zwischen liquiden Aktiva und kurzfristigen Verbindlichkeiten,,,,140.5
2014,Relation zwischen liquiden Aktiva und kurzfristigen Verbindlichkeiten,,,,145.48
2015,Relation zwischen liquiden Aktiva und kurzfristigen Verbindlichkeiten,,,,146.5
2016,Relation zwischen liquiden Aktiva und kurzfristigen Verbindlichkeiten,,,,146.62
2017,Relation zwischen liquiden Aktiva und kurzfristigen Verbindlichkeiten,,,,151.25
2018,Relation zwischen liquiden Aktiva und kurzfristigen Verbindlichkeiten,,,,151.7
2019,Relation zwischen liquiden Aktiva und kurzfristigen Verbindlichkeiten,|,,,161.25
2020,Relation zwischen liquiden Aktiva und kurzfristigen Verbindlichkeiten,,,,169.64
2021,Relation zwischen liquiden Aktiva und kurzfristigen Verbindlichkeiten,,,,33.72
2022,Relation zwischen liquiden Aktiva und kurzfristigen Verbindlichkeiten,|,,,33.67
2023,Relation zwischen liquiden Aktiva und kurzfristigen Verbindlichkeiten,,,,35.66
2024,Relation zwischen liquiden Aktiva und kurzfristigen Verbindlichkeiten,,,,33.46
2010,Relation zwischen offener Fremdwährungsposition und regulatorischen Eigenmitteln,,,,4.4
2011,Relation zwischen offener Fremdwährungsposition und regulatorischen Eigenmitteln,,,,4.48
2012,Relation zwischen offener Fremdwährungsposition und regulatorischen Eigenmitteln,,,,3.93
2013,Relation zwischen offener Fremdwährungsposition und regulatorischen Eigenmitteln,,,,3.84
2014,Relation zwischen offener Fremdwährungsposition und regulatorischen Eigenmitteln,,,,3.95
2015,Relation zwischen offener Fremdwährungsposition und regulatorischen Eigenmitteln,,,,4.62
2016,Relation zwischen offener Fremdwährungsposition und regulatorischen Eigenmitteln,,,,4.0
2017,Relation zwischen offener Fremdwährungsposition und regulatorischen Eigenmitteln,,,,3.67
2018,Relation zwischen offener Fremdwährungsposition und regulatorischen Eigenmitteln,,,,3.19
2019,Relation zwischen offener Fremdwährungsposition und regulatorischen Eigenmitteln,|,,,3.72
2020,Relation zwischen offener Fremdwährungsposition und regulatorischen Eigenmitteln,,,,3.4
2021,Relation zwischen offener Fremdwährungsposition und regulatorischen Eigenmitteln,,,,4.35
2022,Relation zwischen offener Fremdwährungsposition und regulatorischen Eigenmitteln,|,,,3.63
2023,Relation zwischen offener Fremdwährungsposition und regulatorischen Eigenmitteln,,,,2.7
2024,Relation zwischen offener Fremdwährungsposition und regulatorischen Eigenmitteln,…,,,
