Year,Zeitreihe,Value
2010,Städte mit gesetzlich vorgeschriebener öffentlicher Beteiligung bei der Stadtplanung,100
2011,Städte mit gesetzlich vorgeschriebener öffentlicher Beteiligung bei der Stadtplanung,100
2012,Städte mit gesetzlich vorgeschriebener öffentlicher Beteiligung bei der Stadtplanung,100
2013,Städte mit gesetzlich vorgeschriebener öffentlicher Beteiligung bei der Stadtplanung,100
2014,Städte mit gesetzlich vorgeschriebener öffentlicher Beteiligung bei der Stadtplanung,100
2015,Städte mit gesetzlich vorgeschriebener öffentlicher Beteiligung bei der Stadtplanung,100
2016,Städte mit gesetzlich vorgeschriebener öffentlicher Beteiligung bei der Stadtplanung,100
2017,Städte mit gesetzlich vorgeschriebener öffentlicher Beteiligung bei der Stadtplanung,100
2018,Städte mit gesetzlich vorgeschriebener öffentlicher Beteiligung bei der Stadtplanung,100
