Year,Zeitreihe,Value
2010,Bevölkerungsgewichtete Jahresmittelwerte von PM<sub>10</sub>,19.6
2011,Bevölkerungsgewichtete Jahresmittelwerte von PM<sub>10</sub>,19.5
2012,Bevölkerungsgewichtete Jahresmittelwerte von PM<sub>10</sub>,17.0
2013,Bevölkerungsgewichtete Jahresmittelwerte von PM<sub>10</sub>,17.6
2014,Bevölkerungsgewichtete Jahresmittelwerte von PM<sub>10</sub>,17.1
2015,Bevölkerungsgewichtete Jahresmittelwerte von PM<sub>10</sub>,15.9
2016,Bevölkerungsgewichtete Jahresmittelwerte von PM<sub>10</sub>,15.4
2017,Bevölkerungsgewichtete Jahresmittelwerte von PM<sub>10</sub>,15.3
