Year,Units,Zeitreihe,Value
2016,1 000 t,Erzeugte Siedlungsabfälle,53018
2010,Prozent (%),"Siedlungsabfälle, die regelmäßig gesammelt und behandelt werden",100
2011,Prozent (%),"Siedlungsabfälle, die regelmäßig gesammelt und behandelt werden",100
2012,Prozent (%),"Siedlungsabfälle, die regelmäßig gesammelt und behandelt werden",100
2013,Prozent (%),"Siedlungsabfälle, die regelmäßig gesammelt und behandelt werden",100
2014,Prozent (%),"Siedlungsabfälle, die regelmäßig gesammelt und behandelt werden",100
2015,Prozent (%),"Siedlungsabfälle, die regelmäßig gesammelt und behandelt werden",100
2016,Prozent (%),"Siedlungsabfälle, die regelmäßig gesammelt und behandelt werden",100
2017,Prozent (%),"Siedlungsabfälle, die regelmäßig gesammelt und behandelt werden",100
