Year,Bundesland,GeoCode,COMMENT_OBS_0,COMMENT_OBS_1,COMMENT_OBS_2,Value
2010,Deutschland,,,,,930.2
2011,Deutschland,,,,,906.7
2012,Deutschland,,,,,917.0
2013,Deutschland,,,,,934.0
2014,Deutschland,,,,,893.5
2015,Deutschland,,,,,901.8
2016,Deutschland,,,,,897.3
2017,Deutschland,,,,,882.2
2018,Deutschland,,,,,852.9
2019,Deutschland,,,,,798.0
2020,Deutschland,,,,,733.0
2021,Deutschland,,,,,761.4
2022,Deutschland,,,,,748.8
2023,Deutschland,,,,,672.0
2024,Deutschland,,,,,649.1
2010,Baden-Württemberg,code08,r,,,79.3
2011,Baden-Württemberg,code08,,,,77.5
2012,Baden-Württemberg,code08,,,,76.2
2013,Baden-Württemberg,code08,r,,,81.8
2014,Baden-Württemberg,code08,r,,,76.6
2015,Baden-Württemberg,code08,r,,,78.1
2016,Baden-Württemberg,code08,r,,,80.0
2017,Baden-Württemberg,code08,r,,,80.4
2018,Baden-Württemberg,code08,r,,,77.1
2019,Baden-Württemberg,code08,r,,,74.3
2020,Baden-Württemberg,code08,r,,,68.9
2021,Baden-Württemberg,code08,,,,72.1
2022,Baden-Württemberg,code08,…,,,
2023,Baden-Württemberg,code08,…,,,
2024,Baden-Württemberg,code08,…,,,
2010,Bayern,code09,,,,98.4
2011,Bayern,code09,r,,,96.9
2012,Bayern,code09,,,,97.0
2013,Bayern,code09,,,,97.6
2014,Bayern,code09,r,,,93.4
2015,Bayern,code09,r,,,94.3
2016,Bayern,code09,r,,,96.0
2017,Bayern,code09,r,,,95.6
2018,Bayern,code09,r,,,94.3
2019,Bayern,code09,,,,95.3
2020,Bayern,code09,,,,91.2
2021,Bayern,code09,,,,90.9
2022,Bayern,code09,…,,,
2023,Bayern,code09,…,,,
2024,Bayern,code09,…,,,
2010,Berlin,code11,,,,19.8
2011,Berlin,code11,,,,17.4
2012,Berlin,code11,,,,17.5
2013,Berlin,code11,,,,18.1
2014,Berlin,code11,,,,17.2
2015,Berlin,code11,,,,16.6
2016,Berlin,code11,,,,16.9
2017,Berlin,code11,,,,16.7
2018,Berlin,code11,,,,15.4
2019,Berlin,code11,,,,14.5
2020,Berlin,code11,.,,,
2021,Berlin,code11,.,,,
2022,Berlin,code11,…,,,
2023,Berlin,code11,…,,,
2024,Berlin,code11,…,,,
2010,Brandenburg,code12,r,,,63.3
2011,Brandenburg,code12,r,,,63.3
2012,Brandenburg,code12,r,,,64.3
2013,Brandenburg,code12,r,,,63.7
2014,Brandenburg,code12,r,,,62.5
2015,Brandenburg,code12,r,,,62.6
2016,Brandenburg,code12,r,,,62.2
2017,Brandenburg,code12,r,,,61.8
2018,Brandenburg,code12,r,,,62.1
2019,Brandenburg,code12,r,,,55.1
2020,Brandenburg,code12,,,,49.0
2021,Brandenburg,code12,,,,51.5
2022,Brandenburg,code12,…,,,
2023,Brandenburg,code12,…,,,
2024,Brandenburg,code12,…,,,
2010,Bremen,code04,,,,14.4
2011,Bremen,code04,,,,13.5
2012,Bremen,code04,,,,13.7
2013,Bremen,code04,,,,13.8
2014,Bremen,code04,,,,13.1
2015,Bremen,code04,,,,13.6
2016,Bremen,code04,,,,13.2
2017,Bremen,code04,,,,13.7
2018,Bremen,code04,,,,12.8
2019,Bremen,code04,,,,11.8
2020,Bremen,code04,.,,,
2021,Bremen,code04,…,,,
2022,Bremen,code04,…,,,
2023,Bremen,code04,…,,,
2024,Bremen,code04,…,,,
2010,Hamburg,code02,,,,12.3
2011,Hamburg,code02,,,,11.7
2012,Hamburg,code02,,,,11.5
2013,Hamburg,code02,,,,11.3
2014,Hamburg,code02,,,,12.4
2015,Hamburg,code02,,,,15.4
2016,Hamburg,code02,,,,15.9
2017,Hamburg,code02,,,,16.5
2018,Hamburg,code02,,,,16.7
2019,Hamburg,code02,,,,15.4
2020,Hamburg,code02,.,,,
2021,Hamburg,code02,.,,,
2022,Hamburg,code02,…,,,
2023,Hamburg,code02,…,,,
2024,Hamburg,code02,…,,,
2010,Hessen,code06,r,,,43.5
2011,Hessen,code06,r,,,41.6
2012,Hessen,code06,,,,41.5
2013,Hessen,code06,r,,,41.2
2014,Hessen,code06,r,,,38.7
2015,Hessen,code06,r,,,40.4
2016,Hessen,code06,r,,,41.6
2017,Hessen,code06,r,,,40.6
2018,Hessen,code06,r,,,38.7
2019,Hessen,code06,r,,,38.7
2020,Hessen,code06,r,,,35.8
2021,Hessen,code06,,,,36.4
2022,Hessen,code06,…,,,
2023,Hessen,code06,…,,,
2024,Hessen,code06,…,,,
2010,Mecklenburg-Vorpommern,code13,,,,15.7
2011,Mecklenburg-Vorpommern,code13,,,,15.0
2012,Mecklenburg-Vorpommern,code13,,,,15.6
2013,Mecklenburg-Vorpommern,code13,,,,15.3
2014,Mecklenburg-Vorpommern,code13,,,,15.5
2015,Mecklenburg-Vorpommern,code13,,,,15.1
2016,Mecklenburg-Vorpommern,code13,,,,15.5
2017,Mecklenburg-Vorpommern,code13,,,,14.4
2018,Mecklenburg-Vorpommern,code13,,,,13.8
2019,Mecklenburg-Vorpommern,code13,.,,,
2020,Mecklenburg-Vorpommern,code13,.,,,
2021,Mecklenburg-Vorpommern,code13,…,,,
2022,Mecklenburg-Vorpommern,code13,…,,,
2023,Mecklenburg-Vorpommern,code13,…,,,
2024,Mecklenburg-Vorpommern,code13,…,,,
2010,Niedersachsen,code03,,,,85.7
2011,Niedersachsen,code03,r,,,84.5
2012,Niedersachsen,code03,r,,,82.3
2013,Niedersachsen,code03,r,,,83.2
2014,Niedersachsen,code03,r,,,84.5
2015,Niedersachsen,code03,r,,,83.9
2016,Niedersachsen,code03,r,,,83.5
2017,Niedersachsen,code03,r,,,82.1
2018,Niedersachsen,code03,,,,80.6
2019,Niedersachsen,code03,r,,,77.1
2020,Niedersachsen,code03,r,,,73.7
2021,Niedersachsen,code03,,,,75.0
2022,Niedersachsen,code03,…,,,
2023,Niedersachsen,code03,…,,,
2024,Niedersachsen,code03,…,,,
2010,Nordrhein-Westfalen,code05,r,,,300.8
2011,Nordrhein-Westfalen,code05,r,,,290.4
2012,Nordrhein-Westfalen,code05,r,,,295.4
2013,Nordrhein-Westfalen,code05,r,,,291.1
2014,Nordrhein-Westfalen,code05,r,,,284.7
2015,Nordrhein-Westfalen,code05,r,,,279.9
2016,Nordrhein-Westfalen,code05,r,,,280.1
2017,Nordrhein-Westfalen,code05,r,,,265.3
2018,Nordrhein-Westfalen,code05,r,,,258.4
2019,Nordrhein-Westfalen,code05,r,,,231.2
2020,Nordrhein-Westfalen,code05,r,,,208.8
2021,Nordrhein-Westfalen,code05,,,,221.0
2022,Nordrhein-Westfalen,code05,…,,,
2023,Nordrhein-Westfalen,code05,…,,,
2024,Nordrhein-Westfalen,code05,…,,,
2010,Rheinland-Pfalz,code07,r,,,34.2
2011,Rheinland-Pfalz,code07,r,,,31.9
2012,Rheinland-Pfalz,code07,r,,,31.9
2013,Rheinland-Pfalz,code07,r,,,33.2
2014,Rheinland-Pfalz,code07,r,,,31.1
2015,Rheinland-Pfalz,code07,r,,,31.6
2016,Rheinland-Pfalz,code07,r,,,31.9
2017,Rheinland-Pfalz,code07,r,,,32.2
2018,Rheinland-Pfalz,code07,r,,,31.3
2019,Rheinland-Pfalz,code07,r,,,31.9
2020,Rheinland-Pfalz,code07,r,,,31.1
2021,Rheinland-Pfalz,code07,,,,31.2
2022,Rheinland-Pfalz,code07,…,,,
2023,Rheinland-Pfalz,code07,…,,,
2024,Rheinland-Pfalz,code07,…,,,
2010,Saarland,code10,,,,20.4
2011,Saarland,code10,,,,22.0
2012,Saarland,code10,,,,22.6
2013,Saarland,code10,,,,23.7
2014,Saarland,code10,,,,21.6
2015,Saarland,code10,,,,22.4
2016,Saarland,code10,,,,17.8
2017,Saarland,code10,…,,,
2018,Saarland,code10,…,,,
2019,Saarland,code10,,,,13.4
2020,Saarland,code10,,,,12.3
2021,Saarland,code10,,,,14.4
2022,Saarland,code10,…,,,
2023,Saarland,code10,…,,,
2024,Saarland,code10,…,,,
2010,Sachsen,code14,,,,51.2
2011,Sachsen,code14,,,,49.0
2012,Sachsen,code14,,,,50.8
2013,Sachsen,code14,,,,53.4
2014,Sachsen,code14,r,,,52.6
2015,Sachsen,code14,r,,,51.5
2016,Sachsen,code14,r,,,51.8
2017,Sachsen,code14,r,,,53.5
2018,Sachsen,code14,,,,53.0
2019,Sachsen,code14,,,,49.4
2020,Sachsen,code14,,,,45.2
2021,Sachsen,code14,,,,49.3
2022,Sachsen,code14,…,,,
2023,Sachsen,code14,…,,,
2024,Sachsen,code14,…,,,
2010,Sachsen-Anhalt,code15,r,,,37.0
2011,Sachsen-Anhalt,code15,r,,,36.7
2012,Sachsen-Anhalt,code15,r,,,37.1
2013,Sachsen-Anhalt,code15,r,,,36.5
2014,Sachsen-Anhalt,code15,r,,,34.6
2015,Sachsen-Anhalt,code15,r,,,33.8
2016,Sachsen-Anhalt,code15,r,,,32.8
2017,Sachsen-Anhalt,code15,r,,,33.0
2018,Sachsen-Anhalt,code15,r,,,34.3
2019,Sachsen-Anhalt,code15,r,,,31.0
2020,Sachsen-Anhalt,code15,,,,29.1
2021,Sachsen-Anhalt,code15,,,,30.8
2022,Sachsen-Anhalt,code15,…,,,
2023,Sachsen-Anhalt,code15,…,,,
2024,Sachsen-Anhalt,code15,…,,,
2010,Schleswig-Holstein,code01,,,,27.5
2011,Schleswig-Holstein,code01,,,,25.9
2012,Schleswig-Holstein,code01,r,,,27.3
2013,Schleswig-Holstein,code01,,,,27.6
2014,Schleswig-Holstein,code01,,,,26.4
2015,Schleswig-Holstein,code01,,,,26.1
2016,Schleswig-Holstein,code01,,,,26.0
2017,Schleswig-Holstein,code01,,,,26.0
2018,Schleswig-Holstein,code01,r,,,25.6
2019,Schleswig-Holstein,code01,r,,,24.0
2020,Schleswig-Holstein,code01,,,,23.6
2021,Schleswig-Holstein,code01,,,,23.5
2022,Schleswig-Holstein,code01,…,,,
2023,Schleswig-Holstein,code01,…,,,
2024,Schleswig-Holstein,code01,…,,,
2010,Thüringen,code16,,,,13.9
2011,Thüringen,code16,,,,13.2
2012,Thüringen,code16,,,,13.5
2013,Thüringen,code16,,,,13.6
2014,Thüringen,code16,,,,13.0
2015,Thüringen,code16,,,,13.0
2016,Thüringen,code16,,,,13.3
2017,Thüringen,code16,,,,13.4
2018,Thüringen,code16,,,,13.4
2019,Thüringen,code16,,,,13.2
2020,Thüringen,code16,.,,,
2021,Thüringen,code16,…,,,
2022,Thüringen,code16,…,,,
2023,Thüringen,code16,…,,,
2024,Thüringen,code16,…,,,
