Year,Zeitreihe,COMMENT_OBS_0,COMMENT_OBS_1,COMMENT_OBS_2,Value
2020,Punktzahl der Umsetzung des Seerechtsübereinkommens der Vereinten Nationen (SRÜ) und seiner zwei Zusatzübereinkommen,.,,,
2021,Punktzahl der Umsetzung des Seerechtsübereinkommens der Vereinten Nationen (SRÜ) und seiner zwei Zusatzübereinkommen,,,,100.0
2022,Punktzahl der Umsetzung des Seerechtsübereinkommens der Vereinten Nationen (SRÜ) und seiner zwei Zusatzübereinkommen,.,,,
2020,Punktzahl für die Ratifikation und den Beitritt zu dem Seerechtsübereinkommens der Vereinten Nationen (SRÜ) und seiner zwei Zusatzübereinkommen,.,,,
2021,Punktzahl für die Ratifikation und den Beitritt zu dem Seerechtsübereinkommens der Vereinten Nationen (SRÜ) und seiner zwei Zusatzübereinkommen,,,,100.0
2022,Punktzahl für die Ratifikation und den Beitritt zu dem Seerechtsübereinkommens der Vereinten Nationen (SRÜ) und seiner zwei Zusatzübereinkommen,.,,,
