Year,Units,Zeitreihe,Value
2010,Prozent,"Schlüsselgebiete der biologischen Vielfalt in Gebirgen, die unter Schutz stehen",71.87
2011,Prozent,"Schlüsselgebiete der biologischen Vielfalt in Gebirgen, die unter Schutz stehen",71.87
2012,Prozent,"Schlüsselgebiete der biologischen Vielfalt in Gebirgen, die unter Schutz stehen",71.9
2013,Prozent,"Schlüsselgebiete der biologischen Vielfalt in Gebirgen, die unter Schutz stehen",71.9
2014,Prozent,"Schlüsselgebiete der biologischen Vielfalt in Gebirgen, die unter Schutz stehen",71.99
2015,Prozent,"Schlüsselgebiete der biologischen Vielfalt in Gebirgen, die unter Schutz stehen",71.99
2016,Prozent,"Schlüsselgebiete der biologischen Vielfalt in Gebirgen, die unter Schutz stehen",72.06
2017,Prozent,"Schlüsselgebiete der biologischen Vielfalt in Gebirgen, die unter Schutz stehen",72.06
2018,Prozent,"Schlüsselgebiete der biologischen Vielfalt in Gebirgen, die unter Schutz stehen",72.07
2019,Prozent,"Schlüsselgebiete der biologischen Vielfalt in Gebirgen, die unter Schutz stehen",72.87
2020,Prozent,"Schlüsselgebiete der biologischen Vielfalt in Gebirgen, die unter Schutz stehen",74.37
2021,Prozent,"Schlüsselgebiete der biologischen Vielfalt in Gebirgen, die unter Schutz stehen",74.37
2022,Prozent,"Schlüsselgebiete der biologischen Vielfalt in Gebirgen, die unter Schutz stehen",74.37
2010,Hektar,"Schlüsselgebiete der biologischen Vielfalt in Gebirgen, die unter Schutz stehen",1112350.172
2011,Hektar,"Schlüsselgebiete der biologischen Vielfalt in Gebirgen, die unter Schutz stehen",1112476.445
2012,Hektar,"Schlüsselgebiete der biologischen Vielfalt in Gebirgen, die unter Schutz stehen",1112848.397
2013,Hektar,"Schlüsselgebiete der biologischen Vielfalt in Gebirgen, die unter Schutz stehen",1112884.662
2014,Hektar,"Schlüsselgebiete der biologischen Vielfalt in Gebirgen, die unter Schutz stehen",1114192.784
2015,Hektar,"Schlüsselgebiete der biologischen Vielfalt in Gebirgen, die unter Schutz stehen",1114193.078
2016,Hektar,"Schlüsselgebiete der biologischen Vielfalt in Gebirgen, die unter Schutz stehen",1115404.3
2017,Hektar,"Schlüsselgebiete der biologischen Vielfalt in Gebirgen, die unter Schutz stehen",1115404.3
2018,Hektar,"Schlüsselgebiete der biologischen Vielfalt in Gebirgen, die unter Schutz stehen",1115419.061
2019,Hektar,"Schlüsselgebiete der biologischen Vielfalt in Gebirgen, die unter Schutz stehen",1127920.476
2020,Hektar,"Schlüsselgebiete der biologischen Vielfalt in Gebirgen, die unter Schutz stehen",1151164.599
2021,Hektar,"Schlüsselgebiete der biologischen Vielfalt in Gebirgen, die unter Schutz stehen",1151164.599
2022,Hektar,"Schlüsselgebiete der biologischen Vielfalt in Gebirgen, die unter Schutz stehen",1151164.599
2010,Prozent,"Flächen in Gebirgen, die unter Schutz stehen",49.03
2011,Prozent,"Flächen in Gebirgen, die unter Schutz stehen",49.32
2012,Prozent,"Flächen in Gebirgen, die unter Schutz stehen",49.51
2013,Prozent,"Flächen in Gebirgen, die unter Schutz stehen",49.94
2014,Prozent,"Flächen in Gebirgen, die unter Schutz stehen",50.13
2015,Prozent,"Flächen in Gebirgen, die unter Schutz stehen",50.34
2016,Prozent,"Flächen in Gebirgen, die unter Schutz stehen",51.13
2017,Prozent,"Flächen in Gebirgen, die unter Schutz stehen",51.14
2018,Prozent,"Flächen in Gebirgen, die unter Schutz stehen",51.74
2019,Prozent,"Flächen in Gebirgen, die unter Schutz stehen",52.48
2020,Prozent,"Flächen in Gebirgen, die unter Schutz stehen",53.5
2021,Prozent,"Flächen in Gebirgen, die unter Schutz stehen",53.5
2022,Prozent,"Flächen in Gebirgen, die unter Schutz stehen",53.5
2010,Hektar,"Flächen in Gebirgen, die unter Schutz stehen",3322888.877
2011,Hektar,"Flächen in Gebirgen, die unter Schutz stehen",3342450.778
2012,Hektar,"Flächen in Gebirgen, die unter Schutz stehen",3355067.625
2013,Hektar,"Flächen in Gebirgen, die unter Schutz stehen",3384336.696
2014,Hektar,"Flächen in Gebirgen, die unter Schutz stehen",3397202.327
2015,Hektar,"Flächen in Gebirgen, die unter Schutz stehen",3411552.304
2016,Hektar,"Flächen in Gebirgen, die unter Schutz stehen",3465268.332
2017,Hektar,"Flächen in Gebirgen, die unter Schutz stehen",3465463.362
2018,Hektar,"Flächen in Gebirgen, die unter Schutz stehen",3506452.003
2019,Hektar,"Flächen in Gebirgen, die unter Schutz stehen",3556706.333
2020,Hektar,"Flächen in Gebirgen, die unter Schutz stehen",3625393.782
2021,Hektar,"Flächen in Gebirgen, die unter Schutz stehen",3625393.782
2022,Hektar,"Flächen in Gebirgen, die unter Schutz stehen",3625393.782
2010,Prozent,"Flächen in Gebirgen, die unter effektivem Schutz stehen",19.149
2011,Prozent,"Flächen in Gebirgen, die unter effektivem Schutz stehen",19.158
2012,Prozent,"Flächen in Gebirgen, die unter effektivem Schutz stehen",19.164
2013,Prozent,"Flächen in Gebirgen, die unter effektivem Schutz stehen",19.188
2014,Prozent,"Flächen in Gebirgen, die unter effektivem Schutz stehen",19.25
2015,Prozent,"Flächen in Gebirgen, die unter effektivem Schutz stehen",19.354
2016,Prozent,"Flächen in Gebirgen, die unter effektivem Schutz stehen",19.358
2017,Prozent,"Flächen in Gebirgen, die unter effektivem Schutz stehen",19.36
2018,Prozent,"Flächen in Gebirgen, die unter effektivem Schutz stehen",19.365
2019,Prozent,"Flächen in Gebirgen, die unter effektivem Schutz stehen",19.371
2020,Prozent,"Flächen in Gebirgen, die unter effektivem Schutz stehen",
2021,Prozent,"Flächen in Gebirgen, die unter effektivem Schutz stehen",
2022,Prozent,"Flächen in Gebirgen, die unter effektivem Schutz stehen",
2010,Hektar,"Flächen in Gebirgen, die unter effektivem Schutz stehen",1297687.97
2011,Hektar,"Flächen in Gebirgen, die unter effektivem Schutz stehen",1298278.703
2012,Hektar,"Flächen in Gebirgen, die unter effektivem Schutz stehen",1298720.641
2013,Hektar,"Flächen in Gebirgen, die unter effektivem Schutz stehen",1300335.815
2014,Hektar,"Flächen in Gebirgen, die unter effektivem Schutz stehen",1304500.284
2015,Hektar,"Flächen in Gebirgen, die unter effektivem Schutz stehen",1311550.677
2016,Hektar,"Flächen in Gebirgen, die unter effektivem Schutz stehen",1311857.4
2017,Hektar,"Flächen in Gebirgen, die unter effektivem Schutz stehen",1311946.268
2018,Hektar,"Flächen in Gebirgen, die unter effektivem Schutz stehen",1312285.598
2019,Hektar,"Flächen in Gebirgen, die unter effektivem Schutz stehen",1312732.718
2020,Hektar,"Flächen in Gebirgen, die unter effektivem Schutz stehen",
2021,Hektar,"Flächen in Gebirgen, die unter effektivem Schutz stehen",
2022,Hektar,"Flächen in Gebirgen, die unter effektivem Schutz stehen",
