Year,Units,Zeitreihe,COMMENT_OBS_0,COMMENT_OBS_1,COMMENT_OBS_2,Value
2010,Millionen EUR,Zusagen (ODA) für Biodiversität,,,,440.9
2011,Millionen EUR,Zusagen (ODA) für Biodiversität,,,,877.7
2012,Millionen EUR,Zusagen (ODA) für Biodiversität,,,,755.3
2013,Millionen EUR,Zusagen (ODA) für Biodiversität,,,,754.0
2014,Millionen EUR,Zusagen (ODA) für Biodiversität,,,,926.2
2015,Millionen EUR,Zusagen (ODA) für Biodiversität,,,,1050.8
2016,Millionen EUR,Zusagen (ODA) für Biodiversität,,,,1004.9
2017,Millionen EUR,Zusagen (ODA) für Biodiversität,,,,1602.2
2018,Millionen EUR,Zusagen (ODA) für Biodiversität,,,,1350.6
2019,Millionen EUR,Zusagen (ODA) für Biodiversität,,,,1990.5
2020,Millionen EUR,Zusagen (ODA) für Biodiversität,,,,2084.9
2021,Millionen EUR,Zusagen (ODA) für Biodiversität,,,,2107.5
2022,Millionen EUR,Zusagen (ODA) für Biodiversität,,,,2850.2
2023,Millionen EUR,Zusagen (ODA) für Biodiversität,,,,2161.0
2010,Millionen EUR,Bruttoentwicklungsausgaben (ODA) für Biodiversität,,,,318.6
2011,Millionen EUR,Bruttoentwicklungsausgaben (ODA) für Biodiversität,,,,440.7
2012,Millionen EUR,Bruttoentwicklungsausgaben (ODA) für Biodiversität,,,,601.6
2013,Millionen EUR,Bruttoentwicklungsausgaben (ODA) für Biodiversität,,,,616.5
2014,Millionen EUR,Bruttoentwicklungsausgaben (ODA) für Biodiversität,,,,702.4
2015,Millionen EUR,Bruttoentwicklungsausgaben (ODA) für Biodiversität,,,,687.2
2016,Millionen EUR,Bruttoentwicklungsausgaben (ODA) für Biodiversität,,,,935.1
2017,Millionen EUR,Bruttoentwicklungsausgaben (ODA) für Biodiversität,,,,1321.5
2018,Millionen EUR,Bruttoentwicklungsausgaben (ODA) für Biodiversität,,,,1216.5
2019,Millionen EUR,Bruttoentwicklungsausgaben (ODA) für Biodiversität,,,,1449.9
2020,Millionen EUR,Bruttoentwicklungsausgaben (ODA) für Biodiversität,,,,1787.8
2021,Millionen EUR,Bruttoentwicklungsausgaben (ODA) für Biodiversität,,,,2107.5
2022,Millionen EUR,Bruttoentwicklungsausgaben (ODA) für Biodiversität,,,,2850.2
2023,Millionen EUR,Bruttoentwicklungsausgaben (ODA) für Biodiversität,…,,,
2010,Millionen EUR,Umweltschutzausgaben,,,,52116.0
2011,Millionen EUR,Umweltschutzausgaben,,,,54918.0
2012,Millionen EUR,Umweltschutzausgaben,,,,57022.0
2013,Millionen EUR,Umweltschutzausgaben,,,,58937.0
2014,Millionen EUR,Umweltschutzausgaben,,,,63026.0
2015,Millionen EUR,Umweltschutzausgaben,,,,64748.0
2016,Millionen EUR,Umweltschutzausgaben,,,,67478.0
2017,Millionen EUR,Umweltschutzausgaben,,,,70053.0
2018,Millionen EUR,Umweltschutzausgaben,,,,74164.0
2019,Millionen EUR,Umweltschutzausgaben,,,,77773.0
2020,Millionen EUR,Umweltschutzausgaben,,,,79884.0
2021,Millionen EUR,Umweltschutzausgaben,,,,80334.0
2022,Millionen EUR,Umweltschutzausgaben,p,,,82268.0
2023,Millionen EUR,Umweltschutzausgaben,…,,,
2010,"Millionen USD, konstante Preise (2023)",Zusagen (ODA) für Biodiversität,,,,650.7
2011,"Millionen USD, konstante Preise (2023)",Zusagen (ODA) für Biodiversität,,,,1279.7
2012,"Millionen USD, konstante Preise (2023)",Zusagen (ODA) für Biodiversität,,,,1085.6
2013,"Millionen USD, konstante Preise (2023)",Zusagen (ODA) für Biodiversität,,,,1062.5
2014,"Millionen USD, konstante Preise (2023)",Zusagen (ODA) für Biodiversität,,,,1280.9
2015,"Millionen USD, konstante Preise (2023)",Zusagen (ODA) für Biodiversität,,,,1429.3
2016,"Millionen USD, konstante Preise (2023)",Zusagen (ODA) für Biodiversität,,,,1349.8
2017,"Millionen USD, konstante Preise (2023)",Zusagen (ODA) für Biodiversität,,,,2120.8
2018,"Millionen USD, konstante Preise (2023)",Zusagen (ODA) für Biodiversität,,,,1755.1
2019,"Millionen USD, konstante Preise (2023)",Zusagen (ODA) für Biodiversität,,,,2535.6
2020,"Millionen USD, konstante Preise (2023)",Zusagen (ODA) für Biodiversität,,,,2610.0
2021,"Millionen USD, konstante Preise (2023)",Zusagen (ODA) für Biodiversität,,,,2566.4
2022,"Millionen USD, konstante Preise (2023)",Zusagen (ODA) für Biodiversität,,,,3271.2
2023,"Millionen USD, konstante Preise (2023)",Zusagen (ODA) für Biodiversität,,,,2336.7
2010,"Millionen USD, konstante Preise (2022)",Bruttoentwicklungsausgaben (ODA) für Biodiversität,,,,430.5
2011,"Millionen USD, konstante Preise (2022)",Bruttoentwicklungsausgaben (ODA) für Biodiversität,,,,589.1
2012,"Millionen USD, konstante Preise (2022)",Bruttoentwicklungsausgaben (ODA) für Biodiversität,,,,792.4
2013,"Millionen USD, konstante Preise (2022)",Bruttoentwicklungsausgaben (ODA) für Biodiversität,,,,796.3
2014,"Millionen USD, konstante Preise (2022)",Bruttoentwicklungsausgaben (ODA) für Biodiversität,,,,890.8
2015,"Millionen USD, konstante Preise (2022)",Bruttoentwicklungsausgaben (ODA) für Biodiversität,,,,855.6
2016,"Millionen USD, konstante Preise (2022)",Bruttoentwicklungsausgaben (ODA) für Biodiversität,,,,1148.9
2017,"Millionen USD, konstante Preise (2022)",Bruttoentwicklungsausgaben (ODA) für Biodiversität,,,,1599.6
2018,"Millionen USD, konstante Preise (2022)",Bruttoentwicklungsausgaben (ODA) für Biodiversität,,,,1443.6
2019,"Millionen USD, konstante Preise (2022)",Bruttoentwicklungsausgaben (ODA) für Biodiversität,,,,1684.6
2020,"Millionen USD, konstante Preise (2022)",Bruttoentwicklungsausgaben (ODA) für Biodiversität,,,,2038.9
2021,"Millionen USD, konstante Preise (2022)",Bruttoentwicklungsausgaben (ODA) für Biodiversität,,,,2333.3
2022,"Millionen USD, konstante Preise (2022)",Bruttoentwicklungsausgaben (ODA) für Biodiversität,,,,2997.3
2023,"Millionen USD, konstante Preise (2022)",Bruttoentwicklungsausgaben (ODA) für Biodiversität,…,,,
