Year,Units,Erkrankung,COMMENT_OBS_0,COMMENT_OBS_1,COMMENT_OBS_2,Series,Value
2010,Attributable Todesfälle,,,,,"Attributable Todesfälle infolge einer Langzeit-Exposition gegenüber Feinstaub (PM₂,₅) in der Bevölkerung ab 25 Jahren",26789
2011,Attributable Todesfälle,,,,,"Attributable Todesfälle infolge einer Langzeit-Exposition gegenüber Feinstaub (PM₂,₅) in der Bevölkerung ab 25 Jahren",25134
2012,Attributable Todesfälle,,,,,"Attributable Todesfälle infolge einer Langzeit-Exposition gegenüber Feinstaub (PM₂,₅) in der Bevölkerung ab 25 Jahren",22362
2013,Attributable Todesfälle,,,,,"Attributable Todesfälle infolge einer Langzeit-Exposition gegenüber Feinstaub (PM₂,₅) in der Bevölkerung ab 25 Jahren",21946
2014,Attributable Todesfälle,,,,,"Attributable Todesfälle infolge einer Langzeit-Exposition gegenüber Feinstaub (PM₂,₅) in der Bevölkerung ab 25 Jahren",20703
2015,Attributable Todesfälle,,,,,"Attributable Todesfälle infolge einer Langzeit-Exposition gegenüber Feinstaub (PM₂,₅) in der Bevölkerung ab 25 Jahren",19233
2016,Attributable Todesfälle,,,,,"Attributable Todesfälle infolge einer Langzeit-Exposition gegenüber Feinstaub (PM₂,₅) in der Bevölkerung ab 25 Jahren",18056
2017,Attributable Todesfälle,,,,,"Attributable Todesfälle infolge einer Langzeit-Exposition gegenüber Feinstaub (PM₂,₅) in der Bevölkerung ab 25 Jahren",17534
2018,Attributable Todesfälle,,,,,"Attributable Todesfälle infolge einer Langzeit-Exposition gegenüber Feinstaub (PM₂,₅) in der Bevölkerung ab 25 Jahren",18146
2019,Attributable Todesfälle,,,,,"Attributable Todesfälle infolge einer Langzeit-Exposition gegenüber Feinstaub (PM₂,₅) in der Bevölkerung ab 25 Jahren",13057
2020,Attributable Todesfälle,,,,,"Attributable Todesfälle infolge einer Langzeit-Exposition gegenüber Feinstaub (PM₂,₅) in der Bevölkerung ab 25 Jahren",11658
2021,Attributable Todesfälle,,,,,"Attributable Todesfälle infolge einer Langzeit-Exposition gegenüber Feinstaub (PM₂,₅) in der Bevölkerung ab 25 Jahren",12818
2010,Attributable Todesfälle,Chronisch obstruktive Lungenerkrankung (COPD),,,,"Attributable Todesfälle infolge einer Langzeit-Exposition gegenüber Feinstaub (PM₂,₅) in der Bevölkerung ab 25 Jahren nach Art der Erkrankung",2918
2011,Attributable Todesfälle,Chronisch obstruktive Lungenerkrankung (COPD),,,,"Attributable Todesfälle infolge einer Langzeit-Exposition gegenüber Feinstaub (PM₂,₅) in der Bevölkerung ab 25 Jahren nach Art der Erkrankung",2796
2012,Attributable Todesfälle,Chronisch obstruktive Lungenerkrankung (COPD),,,,"Attributable Todesfälle infolge einer Langzeit-Exposition gegenüber Feinstaub (PM₂,₅) in der Bevölkerung ab 25 Jahren nach Art der Erkrankung",2202
2013,Attributable Todesfälle,Chronisch obstruktive Lungenerkrankung (COPD),,,,"Attributable Todesfälle infolge einer Langzeit-Exposition gegenüber Feinstaub (PM₂,₅) in der Bevölkerung ab 25 Jahren nach Art der Erkrankung",2603
2014,Attributable Todesfälle,Chronisch obstruktive Lungenerkrankung (COPD),,,,"Attributable Todesfälle infolge einer Langzeit-Exposition gegenüber Feinstaub (PM₂,₅) in der Bevölkerung ab 25 Jahren nach Art der Erkrankung",2397
2015,Attributable Todesfälle,Chronisch obstruktive Lungenerkrankung (COPD),,,,"Attributable Todesfälle infolge einer Langzeit-Exposition gegenüber Feinstaub (PM₂,₅) in der Bevölkerung ab 25 Jahren nach Art der Erkrankung",2402
2016,Attributable Todesfälle,Chronisch obstruktive Lungenerkrankung (COPD),,,,"Attributable Todesfälle infolge einer Langzeit-Exposition gegenüber Feinstaub (PM₂,₅) in der Bevölkerung ab 25 Jahren nach Art der Erkrankung",2214
2017,Attributable Todesfälle,Chronisch obstruktive Lungenerkrankung (COPD),,,,"Attributable Todesfälle infolge einer Langzeit-Exposition gegenüber Feinstaub (PM₂,₅) in der Bevölkerung ab 25 Jahren nach Art der Erkrankung",2301
2018,Attributable Todesfälle,Chronisch obstruktive Lungenerkrankung (COPD),,,,"Attributable Todesfälle infolge einer Langzeit-Exposition gegenüber Feinstaub (PM₂,₅) in der Bevölkerung ab 25 Jahren nach Art der Erkrankung",2372
2019,Attributable Todesfälle,Chronisch obstruktive Lungenerkrankung (COPD),,,,"Attributable Todesfälle infolge einer Langzeit-Exposition gegenüber Feinstaub (PM₂,₅) in der Bevölkerung ab 25 Jahren nach Art der Erkrankung",1769
2020,Attributable Todesfälle,Chronisch obstruktive Lungenerkrankung (COPD),,,,"Attributable Todesfälle infolge einer Langzeit-Exposition gegenüber Feinstaub (PM₂,₅) in der Bevölkerung ab 25 Jahren nach Art der Erkrankung",1451
2021,Attributable Todesfälle,Chronisch obstruktive Lungenerkrankung (COPD),,,,"Attributable Todesfälle infolge einer Langzeit-Exposition gegenüber Feinstaub (PM₂,₅) in der Bevölkerung ab 25 Jahren nach Art der Erkrankung",1572
2010,Attributable Todesfälle,Lungenkrebs,,,,"Attributable Todesfälle infolge einer Langzeit-Exposition gegenüber Feinstaub (PM₂,₅) in der Bevölkerung ab 25 Jahren nach Art der Erkrankung",5656
2011,Attributable Todesfälle,Lungenkrebs,,,,"Attributable Todesfälle infolge einer Langzeit-Exposition gegenüber Feinstaub (PM₂,₅) in der Bevölkerung ab 25 Jahren nach Art der Erkrankung",5524
2012,Attributable Todesfälle,Lungenkrebs,,,,"Attributable Todesfälle infolge einer Langzeit-Exposition gegenüber Feinstaub (PM₂,₅) in der Bevölkerung ab 25 Jahren nach Art der Erkrankung",4368
2013,Attributable Todesfälle,Lungenkrebs,,,,"Attributable Todesfälle infolge einer Langzeit-Exposition gegenüber Feinstaub (PM₂,₅) in der Bevölkerung ab 25 Jahren nach Art der Erkrankung",4805
2014,Attributable Todesfälle,Lungenkrebs,,,,"Attributable Todesfälle infolge einer Langzeit-Exposition gegenüber Feinstaub (PM₂,₅) in der Bevölkerung ab 25 Jahren nach Art der Erkrankung",4745
2015,Attributable Todesfälle,Lungenkrebs,,,,"Attributable Todesfälle infolge einer Langzeit-Exposition gegenüber Feinstaub (PM₂,₅) in der Bevölkerung ab 25 Jahren nach Art der Erkrankung",4216
2016,Attributable Todesfälle,Lungenkrebs,,,,"Attributable Todesfälle infolge einer Langzeit-Exposition gegenüber Feinstaub (PM₂,₅) in der Bevölkerung ab 25 Jahren nach Art der Erkrankung",4123
2017,Attributable Todesfälle,Lungenkrebs,,,,"Attributable Todesfälle infolge einer Langzeit-Exposition gegenüber Feinstaub (PM₂,₅) in der Bevölkerung ab 25 Jahren nach Art der Erkrankung",3863
2018,Attributable Todesfälle,Lungenkrebs,,,,"Attributable Todesfälle infolge einer Langzeit-Exposition gegenüber Feinstaub (PM₂,₅) in der Bevölkerung ab 25 Jahren nach Art der Erkrankung",3999
2019,Attributable Todesfälle,Lungenkrebs,,,,"Attributable Todesfälle infolge einer Langzeit-Exposition gegenüber Feinstaub (PM₂,₅) in der Bevölkerung ab 25 Jahren nach Art der Erkrankung",2609
2020,Attributable Todesfälle,Lungenkrebs,,,,"Attributable Todesfälle infolge einer Langzeit-Exposition gegenüber Feinstaub (PM₂,₅) in der Bevölkerung ab 25 Jahren nach Art der Erkrankung",2303
2021,Attributable Todesfälle,Lungenkrebs,,,,"Attributable Todesfälle infolge einer Langzeit-Exposition gegenüber Feinstaub (PM₂,₅) in der Bevölkerung ab 25 Jahren nach Art der Erkrankung",2556
2010,Attributable Todesfälle,Schlaganfall,,,,"Attributable Todesfälle infolge einer Langzeit-Exposition gegenüber Feinstaub (PM₂,₅) in der Bevölkerung ab 25 Jahren nach Art der Erkrankung",2990
2011,Attributable Todesfälle,Schlaganfall,,,,"Attributable Todesfälle infolge einer Langzeit-Exposition gegenüber Feinstaub (PM₂,₅) in der Bevölkerung ab 25 Jahren nach Art der Erkrankung",2814
2012,Attributable Todesfälle,Schlaganfall,,,,"Attributable Todesfälle infolge einer Langzeit-Exposition gegenüber Feinstaub (PM₂,₅) in der Bevölkerung ab 25 Jahren nach Art der Erkrankung",2196
2013,Attributable Todesfälle,Schlaganfall,,,,"Attributable Todesfälle infolge einer Langzeit-Exposition gegenüber Feinstaub (PM₂,₅) in der Bevölkerung ab 25 Jahren nach Art der Erkrankung",2389
2014,Attributable Todesfälle,Schlaganfall,,,,"Attributable Todesfälle infolge einer Langzeit-Exposition gegenüber Feinstaub (PM₂,₅) in der Bevölkerung ab 25 Jahren nach Art der Erkrankung",2293
2015,Attributable Todesfälle,Schlaganfall,,,,"Attributable Todesfälle infolge einer Langzeit-Exposition gegenüber Feinstaub (PM₂,₅) in der Bevölkerung ab 25 Jahren nach Art der Erkrankung",2079
2016,Attributable Todesfälle,Schlaganfall,,,,"Attributable Todesfälle infolge einer Langzeit-Exposition gegenüber Feinstaub (PM₂,₅) in der Bevölkerung ab 25 Jahren nach Art der Erkrankung",2033
2017,Attributable Todesfälle,Schlaganfall,,,,"Attributable Todesfälle infolge einer Langzeit-Exposition gegenüber Feinstaub (PM₂,₅) in der Bevölkerung ab 25 Jahren nach Art der Erkrankung",1887
2018,Attributable Todesfälle,Schlaganfall,,,,"Attributable Todesfälle infolge einer Langzeit-Exposition gegenüber Feinstaub (PM₂,₅) in der Bevölkerung ab 25 Jahren nach Art der Erkrankung",1979
2019,Attributable Todesfälle,Schlaganfall,,,,"Attributable Todesfälle infolge einer Langzeit-Exposition gegenüber Feinstaub (PM₂,₅) in der Bevölkerung ab 25 Jahren nach Art der Erkrankung",1487
2020,Attributable Todesfälle,Schlaganfall,,,,"Attributable Todesfälle infolge einer Langzeit-Exposition gegenüber Feinstaub (PM₂,₅) in der Bevölkerung ab 25 Jahren nach Art der Erkrankung",1303
2021,Attributable Todesfälle,Schlaganfall,,,,"Attributable Todesfälle infolge einer Langzeit-Exposition gegenüber Feinstaub (PM₂,₅) in der Bevölkerung ab 25 Jahren nach Art der Erkrankung",1352
2010,Attributable Todesfälle,Ischämische Herzerkrankungen,,,,"Attributable Todesfälle infolge einer Langzeit-Exposition gegenüber Feinstaub (PM₂,₅) in der Bevölkerung ab 25 Jahren nach Art der Erkrankung",12139
2011,Attributable Todesfälle,Ischämische Herzerkrankungen,,,,"Attributable Todesfälle infolge einer Langzeit-Exposition gegenüber Feinstaub (PM₂,₅) in der Bevölkerung ab 25 Jahren nach Art der Erkrankung",10970
2012,Attributable Todesfälle,Ischämische Herzerkrankungen,,,,"Attributable Todesfälle infolge einer Langzeit-Exposition gegenüber Feinstaub (PM₂,₅) in der Bevölkerung ab 25 Jahren nach Art der Erkrankung",11039
2013,Attributable Todesfälle,Ischämische Herzerkrankungen,,,,"Attributable Todesfälle infolge einer Langzeit-Exposition gegenüber Feinstaub (PM₂,₅) in der Bevölkerung ab 25 Jahren nach Art der Erkrankung",9390
2014,Attributable Todesfälle,Ischämische Herzerkrankungen,,,,"Attributable Todesfälle infolge einer Langzeit-Exposition gegenüber Feinstaub (PM₂,₅) in der Bevölkerung ab 25 Jahren nach Art der Erkrankung",8714
2015,Attributable Todesfälle,Ischämische Herzerkrankungen,,,,"Attributable Todesfälle infolge einer Langzeit-Exposition gegenüber Feinstaub (PM₂,₅) in der Bevölkerung ab 25 Jahren nach Art der Erkrankung",8041
2016,Attributable Todesfälle,Ischämische Herzerkrankungen,,,,"Attributable Todesfälle infolge einer Langzeit-Exposition gegenüber Feinstaub (PM₂,₅) in der Bevölkerung ab 25 Jahren nach Art der Erkrankung",7405
2017,Attributable Todesfälle,Ischämische Herzerkrankungen,,,,"Attributable Todesfälle infolge einer Langzeit-Exposition gegenüber Feinstaub (PM₂,₅) in der Bevölkerung ab 25 Jahren nach Art der Erkrankung",7120
2018,Attributable Todesfälle,Ischämische Herzerkrankungen,,,,"Attributable Todesfälle infolge einer Langzeit-Exposition gegenüber Feinstaub (PM₂,₅) in der Bevölkerung ab 25 Jahren nach Art der Erkrankung",7373
2019,Attributable Todesfälle,Ischämische Herzerkrankungen,,,,"Attributable Todesfälle infolge einer Langzeit-Exposition gegenüber Feinstaub (PM₂,₅) in der Bevölkerung ab 25 Jahren nach Art der Erkrankung",5353
2020,Attributable Todesfälle,Ischämische Herzerkrankungen,,,,"Attributable Todesfälle infolge einer Langzeit-Exposition gegenüber Feinstaub (PM₂,₅) in der Bevölkerung ab 25 Jahren nach Art der Erkrankung",4813
2021,Attributable Todesfälle,Ischämische Herzerkrankungen,,,,"Attributable Todesfälle infolge einer Langzeit-Exposition gegenüber Feinstaub (PM₂,₅) in der Bevölkerung ab 25 Jahren nach Art der Erkrankung",5354
2010,Attributable Todesfälle,Diabetes mellitus Typ 2,,,,"Attributable Todesfälle infolge einer Langzeit-Exposition gegenüber Feinstaub (PM₂,₅) in der Bevölkerung ab 25 Jahren nach Art der Erkrankung",3086
2011,Attributable Todesfälle,Diabetes mellitus Typ 2,,,,"Attributable Todesfälle infolge einer Langzeit-Exposition gegenüber Feinstaub (PM₂,₅) in der Bevölkerung ab 25 Jahren nach Art der Erkrankung",3030
2012,Attributable Todesfälle,Diabetes mellitus Typ 2,,,,"Attributable Todesfälle infolge einer Langzeit-Exposition gegenüber Feinstaub (PM₂,₅) in der Bevölkerung ab 25 Jahren nach Art der Erkrankung",2557
2013,Attributable Todesfälle,Diabetes mellitus Typ 2,,,,"Attributable Todesfälle infolge einer Langzeit-Exposition gegenüber Feinstaub (PM₂,₅) in der Bevölkerung ab 25 Jahren nach Art der Erkrankung",2759
2014,Attributable Todesfälle,Diabetes mellitus Typ 2,,,,"Attributable Todesfälle infolge einer Langzeit-Exposition gegenüber Feinstaub (PM₂,₅) in der Bevölkerung ab 25 Jahren nach Art der Erkrankung",2554
2015,Attributable Todesfälle,Diabetes mellitus Typ 2,,,,"Attributable Todesfälle infolge einer Langzeit-Exposition gegenüber Feinstaub (PM₂,₅) in der Bevölkerung ab 25 Jahren nach Art der Erkrankung",2495
2016,Attributable Todesfälle,Diabetes mellitus Typ 2,,,,"Attributable Todesfälle infolge einer Langzeit-Exposition gegenüber Feinstaub (PM₂,₅) in der Bevölkerung ab 25 Jahren nach Art der Erkrankung",2281
2017,Attributable Todesfälle,Diabetes mellitus Typ 2,,,,"Attributable Todesfälle infolge einer Langzeit-Exposition gegenüber Feinstaub (PM₂,₅) in der Bevölkerung ab 25 Jahren nach Art der Erkrankung",2363
2018,Attributable Todesfälle,Diabetes mellitus Typ 2,,,,"Attributable Todesfälle infolge einer Langzeit-Exposition gegenüber Feinstaub (PM₂,₅) in der Bevölkerung ab 25 Jahren nach Art der Erkrankung",2423
2019,Attributable Todesfälle,Diabetes mellitus Typ 2,,,,"Attributable Todesfälle infolge einer Langzeit-Exposition gegenüber Feinstaub (PM₂,₅) in der Bevölkerung ab 25 Jahren nach Art der Erkrankung",1839
2020,Attributable Todesfälle,Diabetes mellitus Typ 2,,,,"Attributable Todesfälle infolge einer Langzeit-Exposition gegenüber Feinstaub (PM₂,₅) in der Bevölkerung ab 25 Jahren nach Art der Erkrankung",1788
2021,Attributable Todesfälle,Diabetes mellitus Typ 2,,,,"Attributable Todesfälle infolge einer Langzeit-Exposition gegenüber Feinstaub (PM₂,₅) in der Bevölkerung ab 25 Jahren nach Art der Erkrankung",1984
2010,DALYs,,,,,"DALYs infolge einer Langzeit-Exposition gegenüber Feinstaub (PM₂,₅) in der Bevölkerung ab 25 Jahren",466082
2011,DALYs,,,,,"DALYs infolge einer Langzeit-Exposition gegenüber Feinstaub (PM₂,₅) in der Bevölkerung ab 25 Jahren",435290
2012,DALYs,,,,,"DALYs infolge einer Langzeit-Exposition gegenüber Feinstaub (PM₂,₅) in der Bevölkerung ab 25 Jahren",375632
2013,DALYs,,,,,"DALYs infolge einer Langzeit-Exposition gegenüber Feinstaub (PM₂,₅) in der Bevölkerung ab 25 Jahren",378623
2014,DALYs,,,,,"DALYs infolge einer Langzeit-Exposition gegenüber Feinstaub (PM₂,₅) in der Bevölkerung ab 25 Jahren",362514
2015,DALYs,,,,,"DALYs infolge einer Langzeit-Exposition gegenüber Feinstaub (PM₂,₅) in der Bevölkerung ab 25 Jahren",332666
2016,DALYs,,,,,"DALYs infolge einer Langzeit-Exposition gegenüber Feinstaub (PM₂,₅) in der Bevölkerung ab 25 Jahren",315346
2017,DALYs,,,,,"DALYs infolge einer Langzeit-Exposition gegenüber Feinstaub (PM₂,₅) in der Bevölkerung ab 25 Jahren",301737
2018,DALYs,,,,,"DALYs infolge einer Langzeit-Exposition gegenüber Feinstaub (PM₂,₅) in der Bevölkerung ab 25 Jahren",324648
2019,DALYs,,,,,"DALYs infolge einer Langzeit-Exposition gegenüber Feinstaub (PM₂,₅) in der Bevölkerung ab 25 Jahren",239209
2020,DALYs,,,,,"DALYs infolge einer Langzeit-Exposition gegenüber Feinstaub (PM₂,₅) in der Bevölkerung ab 25 Jahren",212531
2021,DALYs,,,,,"DALYs infolge einer Langzeit-Exposition gegenüber Feinstaub (PM₂,₅) in der Bevölkerung ab 25 Jahren",232863
2010,DALYs,Chronisch obstruktive Lungenerkrankung (COPD),,,,"DALYs infolge einer Langzeit-Exposition gegenüber Feinstaub (PM₂,₅) in der Bevölkerung ab 25 Jahren nach Art der Erkrankung",61831
2011,DALYs,Chronisch obstruktive Lungenerkrankung (COPD),,,,"DALYs infolge einer Langzeit-Exposition gegenüber Feinstaub (PM₂,₅) in der Bevölkerung ab 25 Jahren nach Art der Erkrankung",58609
2012,DALYs,Chronisch obstruktive Lungenerkrankung (COPD),,,,"DALYs infolge einer Langzeit-Exposition gegenüber Feinstaub (PM₂,₅) in der Bevölkerung ab 25 Jahren nach Art der Erkrankung",45086
2013,DALYs,Chronisch obstruktive Lungenerkrankung (COPD),,,,"DALYs infolge einer Langzeit-Exposition gegenüber Feinstaub (PM₂,₅) in der Bevölkerung ab 25 Jahren nach Art der Erkrankung",52240
2014,DALYs,Chronisch obstruktive Lungenerkrankung (COPD),,,,"DALYs infolge einer Langzeit-Exposition gegenüber Feinstaub (PM₂,₅) in der Bevölkerung ab 25 Jahren nach Art der Erkrankung",49535
2015,DALYs,Chronisch obstruktive Lungenerkrankung (COPD),,,,"DALYs infolge einer Langzeit-Exposition gegenüber Feinstaub (PM₂,₅) in der Bevölkerung ab 25 Jahren nach Art der Erkrankung",47272
2016,DALYs,Chronisch obstruktive Lungenerkrankung (COPD),,,,"DALYs infolge einer Langzeit-Exposition gegenüber Feinstaub (PM₂,₅) in der Bevölkerung ab 25 Jahren nach Art der Erkrankung",44747
2017,DALYs,Chronisch obstruktive Lungenerkrankung (COPD),,,,"DALYs infolge einer Langzeit-Exposition gegenüber Feinstaub (PM₂,₅) in der Bevölkerung ab 25 Jahren nach Art der Erkrankung",44603
2018,DALYs,Chronisch obstruktive Lungenerkrankung (COPD),,,,"DALYs infolge einer Langzeit-Exposition gegenüber Feinstaub (PM₂,₅) in der Bevölkerung ab 25 Jahren nach Art der Erkrankung",47723
2019,DALYs,Chronisch obstruktive Lungenerkrankung (COPD),,,,"DALYs infolge einer Langzeit-Exposition gegenüber Feinstaub (PM₂,₅) in der Bevölkerung ab 25 Jahren nach Art der Erkrankung",35891
2020,DALYs,Chronisch obstruktive Lungenerkrankung (COPD),,,,"DALYs infolge einer Langzeit-Exposition gegenüber Feinstaub (PM₂,₅) in der Bevölkerung ab 25 Jahren nach Art der Erkrankung",30297
2021,DALYs,Chronisch obstruktive Lungenerkrankung (COPD),,,,"DALYs infolge einer Langzeit-Exposition gegenüber Feinstaub (PM₂,₅) in der Bevölkerung ab 25 Jahren nach Art der Erkrankung",33208
2010,DALYs,Lungenkrebs,,,,"DALYs infolge einer Langzeit-Exposition gegenüber Feinstaub (PM₂,₅) in der Bevölkerung ab 25 Jahren nach Art der Erkrankung",93151
2011,DALYs,Lungenkrebs,,,,"DALYs infolge einer Langzeit-Exposition gegenüber Feinstaub (PM₂,₅) in der Bevölkerung ab 25 Jahren nach Art der Erkrankung",90789
2012,DALYs,Lungenkrebs,,,,"DALYs infolge einer Langzeit-Exposition gegenüber Feinstaub (PM₂,₅) in der Bevölkerung ab 25 Jahren nach Art der Erkrankung",71600
2013,DALYs,Lungenkrebs,,,,"DALYs infolge einer Langzeit-Exposition gegenüber Feinstaub (PM₂,₅) in der Bevölkerung ab 25 Jahren nach Art der Erkrankung",79126
2014,DALYs,Lungenkrebs,,,,"DALYs infolge einer Langzeit-Exposition gegenüber Feinstaub (PM₂,₅) in der Bevölkerung ab 25 Jahren nach Art der Erkrankung",77664
2015,DALYs,Lungenkrebs,,,,"DALYs infolge einer Langzeit-Exposition gegenüber Feinstaub (PM₂,₅) in der Bevölkerung ab 25 Jahren nach Art der Erkrankung",69196
2016,DALYs,Lungenkrebs,,,,"DALYs infolge einer Langzeit-Exposition gegenüber Feinstaub (PM₂,₅) in der Bevölkerung ab 25 Jahren nach Art der Erkrankung",67119
2017,DALYs,Lungenkrebs,,,,"DALYs infolge einer Langzeit-Exposition gegenüber Feinstaub (PM₂,₅) in der Bevölkerung ab 25 Jahren nach Art der Erkrankung",62554
2018,DALYs,Lungenkrebs,,,,"DALYs infolge einer Langzeit-Exposition gegenüber Feinstaub (PM₂,₅) in der Bevölkerung ab 25 Jahren nach Art der Erkrankung",64883
2019,DALYs,Lungenkrebs,,,,"DALYs infolge einer Langzeit-Exposition gegenüber Feinstaub (PM₂,₅) in der Bevölkerung ab 25 Jahren nach Art der Erkrankung",44184
2020,DALYs,Lungenkrebs,,,,"DALYs infolge einer Langzeit-Exposition gegenüber Feinstaub (PM₂,₅) in der Bevölkerung ab 25 Jahren nach Art der Erkrankung",38727
2021,DALYs,Lungenkrebs,,,,"DALYs infolge einer Langzeit-Exposition gegenüber Feinstaub (PM₂,₅) in der Bevölkerung ab 25 Jahren nach Art der Erkrankung",42369
2010,DALYs,Schlaganfall,,,,"DALYs infolge einer Langzeit-Exposition gegenüber Feinstaub (PM₂,₅) in der Bevölkerung ab 25 Jahren nach Art der Erkrankung",62160
2011,DALYs,Schlaganfall,,,,"DALYs infolge einer Langzeit-Exposition gegenüber Feinstaub (PM₂,₅) in der Bevölkerung ab 25 Jahren nach Art der Erkrankung",58210
2012,DALYs,Schlaganfall,,,,"DALYs infolge einer Langzeit-Exposition gegenüber Feinstaub (PM₂,₅) in der Bevölkerung ab 25 Jahren nach Art der Erkrankung",44838
2013,DALYs,Schlaganfall,,,,"DALYs infolge einer Langzeit-Exposition gegenüber Feinstaub (PM₂,₅) in der Bevölkerung ab 25 Jahren nach Art der Erkrankung",48829
2014,DALYs,Schlaganfall,,,,"DALYs infolge einer Langzeit-Exposition gegenüber Feinstaub (PM₂,₅) in der Bevölkerung ab 25 Jahren nach Art der Erkrankung",47444
2015,DALYs,Schlaganfall,,,,"DALYs infolge einer Langzeit-Exposition gegenüber Feinstaub (PM₂,₅) in der Bevölkerung ab 25 Jahren nach Art der Erkrankung",42715
2016,DALYs,Schlaganfall,,,,"DALYs infolge einer Langzeit-Exposition gegenüber Feinstaub (PM₂,₅) in der Bevölkerung ab 25 Jahren nach Art der Erkrankung",41450
2017,DALYs,Schlaganfall,,,,"DALYs infolge einer Langzeit-Exposition gegenüber Feinstaub (PM₂,₅) in der Bevölkerung ab 25 Jahren nach Art der Erkrankung",38548
2018,DALYs,Schlaganfall,,,,"DALYs infolge einer Langzeit-Exposition gegenüber Feinstaub (PM₂,₅) in der Bevölkerung ab 25 Jahren nach Art der Erkrankung",45482
2019,DALYs,Schlaganfall,,,,"DALYs infolge einer Langzeit-Exposition gegenüber Feinstaub (PM₂,₅) in der Bevölkerung ab 25 Jahren nach Art der Erkrankung",34343
2020,DALYs,Schlaganfall,,,,"DALYs infolge einer Langzeit-Exposition gegenüber Feinstaub (PM₂,₅) in der Bevölkerung ab 25 Jahren nach Art der Erkrankung",30352
2021,DALYs,Schlaganfall,,,,"DALYs infolge einer Langzeit-Exposition gegenüber Feinstaub (PM₂,₅) in der Bevölkerung ab 25 Jahren nach Art der Erkrankung",32740
2010,DALYs,Ischämische Herzerkrankungen,,,,"DALYs infolge einer Langzeit-Exposition gegenüber Feinstaub (PM₂,₅) in der Bevölkerung ab 25 Jahren nach Art der Erkrankung",163080
2011,DALYs,Ischämische Herzerkrankungen,,,,"DALYs infolge einer Langzeit-Exposition gegenüber Feinstaub (PM₂,₅) in der Bevölkerung ab 25 Jahren nach Art der Erkrankung",145398
2012,DALYs,Ischämische Herzerkrankungen,,,,"DALYs infolge einer Langzeit-Exposition gegenüber Feinstaub (PM₂,₅) in der Bevölkerung ab 25 Jahren nach Art der Erkrankung",146061
2013,DALYs,Ischämische Herzerkrankungen,,,,"DALYs infolge einer Langzeit-Exposition gegenüber Feinstaub (PM₂,₅) in der Bevölkerung ab 25 Jahren nach Art der Erkrankung",124202
2014,DALYs,Ischämische Herzerkrankungen,,,,"DALYs infolge einer Langzeit-Exposition gegenüber Feinstaub (PM₂,₅) in der Bevölkerung ab 25 Jahren nach Art der Erkrankung",115991
2015,DALYs,Ischämische Herzerkrankungen,,,,"DALYs infolge einer Langzeit-Exposition gegenüber Feinstaub (PM₂,₅) in der Bevölkerung ab 25 Jahren nach Art der Erkrankung",106496
2016,DALYs,Ischämische Herzerkrankungen,,,,"DALYs infolge einer Langzeit-Exposition gegenüber Feinstaub (PM₂,₅) in der Bevölkerung ab 25 Jahren nach Art der Erkrankung",98426
2017,DALYs,Ischämische Herzerkrankungen,,,,"DALYs infolge einer Langzeit-Exposition gegenüber Feinstaub (PM₂,₅) in der Bevölkerung ab 25 Jahren nach Art der Erkrankung",93285
2018,DALYs,Ischämische Herzerkrankungen,,,,"DALYs infolge einer Langzeit-Exposition gegenüber Feinstaub (PM₂,₅) in der Bevölkerung ab 25 Jahren nach Art der Erkrankung",97767
2019,DALYs,Ischämische Herzerkrankungen,,,,"DALYs infolge einer Langzeit-Exposition gegenüber Feinstaub (PM₂,₅) in der Bevölkerung ab 25 Jahren nach Art der Erkrankung",71055
2020,DALYs,Ischämische Herzerkrankungen,,,,"DALYs infolge einer Langzeit-Exposition gegenüber Feinstaub (PM₂,₅) in der Bevölkerung ab 25 Jahren nach Art der Erkrankung",63809
2021,DALYs,Ischämische Herzerkrankungen,,,,"DALYs infolge einer Langzeit-Exposition gegenüber Feinstaub (PM₂,₅) in der Bevölkerung ab 25 Jahren nach Art der Erkrankung",70197
2010,DALYs,Diabetes mellitus Typ 2,,,,"DALYs infolge einer Langzeit-Exposition gegenüber Feinstaub (PM₂,₅) in der Bevölkerung ab 25 Jahren nach Art der Erkrankung",85860
2011,DALYs,Diabetes mellitus Typ 2,,,,"DALYs infolge einer Langzeit-Exposition gegenüber Feinstaub (PM₂,₅) in der Bevölkerung ab 25 Jahren nach Art der Erkrankung",82284
2012,DALYs,Diabetes mellitus Typ 2,,,,"DALYs infolge einer Langzeit-Exposition gegenüber Feinstaub (PM₂,₅) in der Bevölkerung ab 25 Jahren nach Art der Erkrankung",68047
2013,DALYs,Diabetes mellitus Typ 2,,,,"DALYs infolge einer Langzeit-Exposition gegenüber Feinstaub (PM₂,₅) in der Bevölkerung ab 25 Jahren nach Art der Erkrankung",74226
2014,DALYs,Diabetes mellitus Typ 2,,,,"DALYs infolge einer Langzeit-Exposition gegenüber Feinstaub (PM₂,₅) in der Bevölkerung ab 25 Jahren nach Art der Erkrankung",71880
2015,DALYs,Diabetes mellitus Typ 2,,,,"DALYs infolge einer Langzeit-Exposition gegenüber Feinstaub (PM₂,₅) in der Bevölkerung ab 25 Jahren nach Art der Erkrankung",66987
2016,DALYs,Diabetes mellitus Typ 2,,,,"DALYs infolge einer Langzeit-Exposition gegenüber Feinstaub (PM₂,₅) in der Bevölkerung ab 25 Jahren nach Art der Erkrankung",63604
2017,DALYs,Diabetes mellitus Typ 2,,,,"DALYs infolge einer Langzeit-Exposition gegenüber Feinstaub (PM₂,₅) in der Bevölkerung ab 25 Jahren nach Art der Erkrankung",62747
2018,DALYs,Diabetes mellitus Typ 2,,,,"DALYs infolge einer Langzeit-Exposition gegenüber Feinstaub (PM₂,₅) in der Bevölkerung ab 25 Jahren nach Art der Erkrankung",68793
2019,DALYs,Diabetes mellitus Typ 2,,,,"DALYs infolge einer Langzeit-Exposition gegenüber Feinstaub (PM₂,₅) in der Bevölkerung ab 25 Jahren nach Art der Erkrankung",53736
2020,DALYs,Diabetes mellitus Typ 2,,,,"DALYs infolge einer Langzeit-Exposition gegenüber Feinstaub (PM₂,₅) in der Bevölkerung ab 25 Jahren nach Art der Erkrankung",49346
2021,DALYs,Diabetes mellitus Typ 2,,,,"DALYs infolge einer Langzeit-Exposition gegenüber Feinstaub (PM₂,₅) in der Bevölkerung ab 25 Jahren nach Art der Erkrankung",54349
