Year,Units,Altersklasse,Geschlecht,COMMENT_OBS_0,Value
2010,Prozent,15 bis unter 25 Jahre,,,75.837
2011,Prozent,15 bis unter 25 Jahre,,,76.789
2012,Prozent,15 bis unter 25 Jahre,,,77.862
2013,Prozent,15 bis unter 25 Jahre,,,78.711
2014,Prozent,15 bis unter 25 Jahre,,,78.927
2015,Prozent,15 bis unter 25 Jahre,,,79.76
2016,Prozent,15 bis unter 25 Jahre,,,79.134
2017,Prozent,15 bis unter 25 Jahre,,,79.603
2018,Prozent,15 bis unter 25 Jahre,,,79.605
2019,Prozent,15 bis unter 25 Jahre,,,79.357
2020,Prozent,15 bis unter 25 Jahre,,,79.956
2021,Prozent,15 bis unter 25 Jahre,,,77.436
2022,Prozent,15 bis unter 25 Jahre,,,77.592
2023,Prozent,15 bis unter 25 Jahre,,p,77.174
2010,Anzahl,15 bis unter 25 Jahre,,,6854.84
2011,Anzahl,15 bis unter 25 Jahre,,,6685.93
2012,Anzahl,15 bis unter 25 Jahre,,,6666.332
2013,Anzahl,15 bis unter 25 Jahre,,,6717.407
2014,Anzahl,15 bis unter 25 Jahre,,,6677.865
2015,Anzahl,15 bis unter 25 Jahre,,,6685.208
2016,Anzahl,15 bis unter 25 Jahre,,,6725.985
2017,Anzahl,15 bis unter 25 Jahre,,,6758.986
2018,Anzahl,15 bis unter 25 Jahre,,,6710.186
2019,Anzahl,15 bis unter 25 Jahre,,,6673.422
2020,Anzahl,15 bis unter 25 Jahre,,,6710.363
2021,Anzahl,15 bis unter 25 Jahre,,,6418.767
2022,Anzahl,15 bis unter 25 Jahre,,,6468.963
2023,Anzahl,15 bis unter 25 Jahre,,p,6500.254
2010,Prozent,15 bis unter 25 Jahre,Weiblich,,76.754
2011,Prozent,15 bis unter 25 Jahre,Weiblich,,77.776
2012,Prozent,15 bis unter 25 Jahre,Weiblich,,78.684
2013,Prozent,15 bis unter 25 Jahre,Weiblich,,79.211
2014,Prozent,15 bis unter 25 Jahre,Weiblich,,79.414
2015,Prozent,15 bis unter 25 Jahre,Weiblich,,80.144
2016,Prozent,15 bis unter 25 Jahre,Weiblich,,79.49
2017,Prozent,15 bis unter 25 Jahre,Weiblich,,80.218
2018,Prozent,15 bis unter 25 Jahre,Weiblich,,80.649
2019,Prozent,15 bis unter 25 Jahre,Weiblich,,80.717
2020,Prozent,15 bis unter 25 Jahre,Weiblich,,80.894
2021,Prozent,15 bis unter 25 Jahre,Weiblich,,79.171
2022,Prozent,15 bis unter 25 Jahre,Weiblich,,79.291
2023,Prozent,15 bis unter 25 Jahre,Weiblich,p,79.218
2010,Anzahl,15 bis unter 25 Jahre,Weiblich,,3407.51
2011,Anzahl,15 bis unter 25 Jahre,Weiblich,,3321.95
2012,Anzahl,15 bis unter 25 Jahre,Weiblich,,3281.536
2013,Anzahl,15 bis unter 25 Jahre,Weiblich,,3279.818
2014,Anzahl,15 bis unter 25 Jahre,Weiblich,,3251.84
2015,Anzahl,15 bis unter 25 Jahre,Weiblich,,3237.397
2016,Anzahl,15 bis unter 25 Jahre,Weiblich,,3223.503
2017,Anzahl,15 bis unter 25 Jahre,Weiblich,,3234.974
2018,Anzahl,15 bis unter 25 Jahre,Weiblich,,3246.372
2019,Anzahl,15 bis unter 25 Jahre,Weiblich,,3255.38
2020,Anzahl,15 bis unter 25 Jahre,Weiblich,,3274.041
2021,Anzahl,15 bis unter 25 Jahre,Weiblich,,3166.343
2022,Anzahl,15 bis unter 25 Jahre,Weiblich,,3194.861
2023,Anzahl,15 bis unter 25 Jahre,Weiblich,p,3220.818
2010,Prozent,15 bis unter 25 Jahre,Männlich,,74.952
2011,Prozent,15 bis unter 25 Jahre,Männlich,,75.838
2012,Prozent,15 bis unter 25 Jahre,Männlich,,77.082
2013,Prozent,15 bis unter 25 Jahre,Männlich,,78.24
2014,Prozent,15 bis unter 25 Jahre,Männlich,,78.471
2015,Prozent,15 bis unter 25 Jahre,Männlich,,79.403
2016,Prozent,15 bis unter 25 Jahre,Männlich,,78.808
2017,Prozent,15 bis unter 25 Jahre,Männlich,,79.046
2018,Prozent,15 bis unter 25 Jahre,Männlich,,78.651
2019,Prozent,15 bis unter 25 Jahre,Männlich,,78.103
2020,Prozent,15 bis unter 25 Jahre,Männlich,,79.082
2021,Prozent,15 bis unter 25 Jahre,Männlich,,75.818
2022,Prozent,15 bis unter 25 Jahre,Männlich,,76.003
2023,Prozent,15 bis unter 25 Jahre,Männlich,p,75.266
2010,Anzahl,15 bis unter 25 Jahre,Männlich,,3447.33
2011,Anzahl,15 bis unter 25 Jahre,Männlich,,3363.98
2012,Anzahl,15 bis unter 25 Jahre,Männlich,,3384.796
2013,Anzahl,15 bis unter 25 Jahre,Männlich,,3437.589
2014,Anzahl,15 bis unter 25 Jahre,Männlich,,3426.025
2015,Anzahl,15 bis unter 25 Jahre,Männlich,,3447.811
2016,Anzahl,15 bis unter 25 Jahre,Männlich,,3502.483
2017,Anzahl,15 bis unter 25 Jahre,Männlich,,3524.012
2018,Anzahl,15 bis unter 25 Jahre,Männlich,,3463.814
2019,Anzahl,15 bis unter 25 Jahre,Männlich,,3418.042
2020,Anzahl,15 bis unter 25 Jahre,Männlich,,3436.322
2021,Anzahl,15 bis unter 25 Jahre,Männlich,,3252.423
2022,Anzahl,15 bis unter 25 Jahre,Männlich,,3274.103
2023,Anzahl,15 bis unter 25 Jahre,Männlich,p,3279.436
2010,Prozent,15 bis unter 65 Jahre,,,29.846
2011,Prozent,15 bis unter 65 Jahre,,,30.334
2012,Prozent,15 bis unter 65 Jahre,,,29.247
2013,Prozent,15 bis unter 65 Jahre,,,29.169
2014,Prozent,15 bis unter 65 Jahre,,,29.027
2015,Prozent,15 bis unter 65 Jahre,,,29.427
2016,Prozent,15 bis unter 65 Jahre,,,29.875
2017,Prozent,15 bis unter 65 Jahre,,,29.18
2018,Prozent,15 bis unter 65 Jahre,,,28.855
2019,Prozent,15 bis unter 65 Jahre,,,29.156
2020,Prozent,15 bis unter 65 Jahre,,,27.809
2021,Prozent,15 bis unter 65 Jahre,,,25.117
2022,Prozent,15 bis unter 65 Jahre,,,26.456
2023,Prozent,15 bis unter 65 Jahre,,p,26.879
2010,Anzahl,15 bis unter 65 Jahre,,,15981.51
2011,Anzahl,15 bis unter 65 Jahre,,,15869.1
2012,Anzahl,15 bis unter 65 Jahre,,,15319.632
2013,Anzahl,15 bis unter 65 Jahre,,,15330.249
2014,Anzahl,15 bis unter 65 Jahre,,,15299.075
2015,Anzahl,15 bis unter 65 Jahre,,,15578.819
2016,Anzahl,15 bis unter 65 Jahre,,,16064.831
2017,Anzahl,15 bis unter 65 Jahre,,,15690.778
2018,Anzahl,15 bis unter 65 Jahre,,,15436.899
2019,Anzahl,15 bis unter 65 Jahre,,,15604.334
2020,Anzahl,15 bis unter 65 Jahre,,,14803.204
2021,Anzahl,15 bis unter 65 Jahre,,,13305.257
2022,Anzahl,15 bis unter 65 Jahre,,,14106.271
2023,Anzahl,15 bis unter 65 Jahre,,p,14400.79
2010,Prozent,15 bis unter 65 Jahre,Weiblich,,29.312
2011,Prozent,15 bis unter 65 Jahre,Weiblich,,29.642
2012,Prozent,15 bis unter 65 Jahre,Weiblich,,28.629
2013,Prozent,15 bis unter 65 Jahre,Weiblich,,28.556
2014,Prozent,15 bis unter 65 Jahre,Weiblich,,28.463
2015,Prozent,15 bis unter 65 Jahre,Weiblich,,28.771
2016,Prozent,15 bis unter 65 Jahre,Weiblich,,29.119
2017,Prozent,15 bis unter 65 Jahre,Weiblich,,28.47
2018,Prozent,15 bis unter 65 Jahre,Weiblich,,28.314
2019,Prozent,15 bis unter 65 Jahre,Weiblich,,28.859
2020,Prozent,15 bis unter 65 Jahre,Weiblich,,27.693
2021,Prozent,15 bis unter 65 Jahre,Weiblich,,25.238
2022,Prozent,15 bis unter 65 Jahre,Weiblich,,26.847
2023,Prozent,15 bis unter 65 Jahre,Weiblich,p,27.336
2010,Anzahl,15 bis unter 65 Jahre,Weiblich,,7797.92
2011,Anzahl,15 bis unter 65 Jahre,Weiblich,,7737.98
2012,Anzahl,15 bis unter 65 Jahre,Weiblich,,7474.009
2013,Anzahl,15 bis unter 65 Jahre,Weiblich,,7473.806
2014,Anzahl,15 bis unter 65 Jahre,Weiblich,,7457.472
2015,Anzahl,15 bis unter 65 Jahre,Weiblich,,7556.339
2016,Anzahl,15 bis unter 65 Jahre,Weiblich,,7725.175
2017,Anzahl,15 bis unter 65 Jahre,Weiblich,,7535.23
2018,Anzahl,15 bis unter 65 Jahre,Weiblich,,7472.145
2019,Anzahl,15 bis unter 65 Jahre,Weiblich,,7631.708
2020,Anzahl,15 bis unter 65 Jahre,Weiblich,,7274.901
2021,Anzahl,15 bis unter 65 Jahre,Weiblich,,6596.327
2022,Anzahl,15 bis unter 65 Jahre,Weiblich,,7076.107
2023,Anzahl,15 bis unter 65 Jahre,Weiblich,p,7236.027
2010,Prozent,15 bis unter 65 Jahre,Männlich,,30.374
2011,Prozent,15 bis unter 65 Jahre,Männlich,,31.023
2012,Prozent,15 bis unter 65 Jahre,Männlich,,29.862
2013,Prozent,15 bis unter 65 Jahre,Männlich,,29.777
2014,Prozent,15 bis unter 65 Jahre,Männlich,,29.586
2015,Prozent,15 bis unter 65 Jahre,Männlich,,30.073
2016,Prozent,15 bis unter 65 Jahre,Männlich,,30.611
2017,Prozent,15 bis unter 65 Jahre,Männlich,,29.868
2018,Prozent,15 bis unter 65 Jahre,Männlich,,29.383
2019,Prozent,15 bis unter 65 Jahre,Männlich,,29.445
2020,Prozent,15 bis unter 65 Jahre,Männlich,,27.923
2021,Prozent,15 bis unter 65 Jahre,Männlich,,24.999
2022,Prozent,15 bis unter 65 Jahre,Männlich,,26.074
2023,Prozent,15 bis unter 65 Jahre,Männlich,p,26.432
2010,Anzahl,15 bis unter 65 Jahre,Männlich,,8183.59
2011,Anzahl,15 bis unter 65 Jahre,Männlich,,8131.12
2012,Anzahl,15 bis unter 65 Jahre,Männlich,,7845.624
2013,Anzahl,15 bis unter 65 Jahre,Männlich,,7856.444
2014,Anzahl,15 bis unter 65 Jahre,Männlich,,7841.603
2015,Anzahl,15 bis unter 65 Jahre,Männlich,,8022.479
2016,Anzahl,15 bis unter 65 Jahre,Männlich,,8339.656
2017,Anzahl,15 bis unter 65 Jahre,Männlich,,8155.546
2018,Anzahl,15 bis unter 65 Jahre,Männlich,,7964.755
2019,Anzahl,15 bis unter 65 Jahre,Männlich,,7972.625
2020,Anzahl,15 bis unter 65 Jahre,Männlich,,7528.302
2021,Anzahl,15 bis unter 65 Jahre,Männlich,,6708.93
2022,Anzahl,15 bis unter 65 Jahre,Männlich,,7030.164
2023,Anzahl,15 bis unter 65 Jahre,Männlich,p,7164.763
2010,Prozent,25 bis unter 55 Jahre,,,23.367
2011,Prozent,25 bis unter 55 Jahre,,,24.092
2012,Prozent,25 bis unter 55 Jahre,,,22.708
2013,Prozent,25 bis unter 55 Jahre,,,22.553
2014,Prozent,25 bis unter 55 Jahre,,,22.407
2015,Prozent,25 bis unter 55 Jahre,,,22.911
2016,Prozent,25 bis unter 55 Jahre,,,23.594
2017,Prozent,25 bis unter 55 Jahre,,,22.651
2018,Prozent,25 bis unter 55 Jahre,,,22.363
2019,Prozent,25 bis unter 55 Jahre,,,22.85
2020,Prozent,25 bis unter 55 Jahre,,,21.078
2021,Prozent,25 bis unter 55 Jahre,,,18.246
2022,Prozent,25 bis unter 55 Jahre,,,19.839
2023,Prozent,25 bis unter 55 Jahre,,p,20.382
2010,Anzahl,25 bis unter 55 Jahre,,,8072.49
2011,Anzahl,25 bis unter 55 Jahre,,,8081.67
2012,Anzahl,25 bis unter 55 Jahre,,,7601.539
2013,Anzahl,25 bis unter 55 Jahre,,,7533.867
2014,Anzahl,25 bis unter 55 Jahre,,,7492.14
2015,Anzahl,25 bis unter 55 Jahre,,,7671.548
2016,Anzahl,25 bis unter 55 Jahre,,,8003.358
2017,Anzahl,25 bis unter 55 Jahre,,,7637.577
2018,Anzahl,25 bis unter 55 Jahre,,,7406.939
2019,Anzahl,25 bis unter 55 Jahre,,,7507.174
2020,Anzahl,25 bis unter 55 Jahre,,,6793.113
2021,Anzahl,25 bis unter 55 Jahre,,,5816.606
2022,Anzahl,25 bis unter 55 Jahre,,,6342.829
2023,Anzahl,25 bis unter 55 Jahre,,p,6523.281
2010,Prozent,25 bis unter 55 Jahre,Weiblich,,22.763
2011,Prozent,25 bis unter 55 Jahre,Weiblich,,23.319
2012,Prozent,25 bis unter 55 Jahre,Weiblich,,22.135
2013,Prozent,25 bis unter 55 Jahre,Weiblich,,22.083
2014,Prozent,25 bis unter 55 Jahre,Weiblich,,21.947
2015,Prozent,25 bis unter 55 Jahre,Weiblich,,22.374
2016,Prozent,25 bis unter 55 Jahre,Weiblich,,22.928
2017,Prozent,25 bis unter 55 Jahre,Weiblich,,21.988
2018,Prozent,25 bis unter 55 Jahre,Weiblich,,21.743
2019,Prozent,25 bis unter 55 Jahre,Weiblich,,22.475
2020,Prozent,25 bis unter 55 Jahre,Weiblich,,20.892
2021,Prozent,25 bis unter 55 Jahre,Weiblich,,18.307
2022,Prozent,25 bis unter 55 Jahre,Weiblich,,20.26
2023,Prozent,25 bis unter 55 Jahre,Weiblich,p,20.746
2010,Anzahl,25 bis unter 55 Jahre,Weiblich,,3895.33
2011,Anzahl,25 bis unter 55 Jahre,Weiblich,,3894.46
2012,Anzahl,25 bis unter 55 Jahre,Weiblich,,3682.614
2013,Anzahl,25 bis unter 55 Jahre,Weiblich,,3662.473
2014,Anzahl,25 bis unter 55 Jahre,Weiblich,,3641.728
2015,Anzahl,25 bis unter 55 Jahre,Weiblich,,3706.575
2016,Anzahl,25 bis unter 55 Jahre,Weiblich,,3832.687
2017,Anzahl,25 bis unter 55 Jahre,Weiblich,,3646.93
2018,Anzahl,25 bis unter 55 Jahre,Weiblich,,3549.924
2019,Anzahl,25 bis unter 55 Jahre,Weiblich,,3645.427
2020,Anzahl,25 bis unter 55 Jahre,Weiblich,,3317.206
2021,Anzahl,25 bis unter 55 Jahre,Weiblich,,2873.067
2022,Anzahl,25 bis unter 55 Jahre,Weiblich,,3196.314
2023,Anzahl,25 bis unter 55 Jahre,Weiblich,p,3272.943
2010,Prozent,25 bis unter 55 Jahre,Männlich,,23.959
2011,Prozent,25 bis unter 55 Jahre,Männlich,,24.859
2012,Prozent,25 bis unter 55 Jahre,Männlich,,23.274
2013,Prozent,25 bis unter 55 Jahre,Männlich,,23.018
2014,Prozent,25 bis unter 55 Jahre,Männlich,,22.861
2015,Prozent,25 bis unter 55 Jahre,Männlich,,23.437
2016,Prozent,25 bis unter 55 Jahre,Männlich,,24.241
2017,Prozent,25 bis unter 55 Jahre,Männlich,,23.293
2018,Prozent,25 bis unter 55 Jahre,Männlich,,22.965
2019,Prozent,25 bis unter 55 Jahre,Männlich,,23.216
2020,Prozent,25 bis unter 55 Jahre,Männlich,,21.259
2021,Prozent,25 bis unter 55 Jahre,Männlich,,18.188
2022,Prozent,25 bis unter 55 Jahre,Männlich,,19.428
2023,Prozent,25 bis unter 55 Jahre,Männlich,p,20.029
2010,Anzahl,25 bis unter 55 Jahre,Männlich,,4177.17
2011,Anzahl,25 bis unter 55 Jahre,Männlich,,4187.21
2012,Anzahl,25 bis unter 55 Jahre,Männlich,,3918.925
2013,Anzahl,25 bis unter 55 Jahre,Männlich,,3871.395
2014,Anzahl,25 bis unter 55 Jahre,Männlich,,3850.412
2015,Anzahl,25 bis unter 55 Jahre,Männlich,,3964.973
2016,Anzahl,25 bis unter 55 Jahre,Männlich,,4170.671
2017,Anzahl,25 bis unter 55 Jahre,Männlich,,3990.645
2018,Anzahl,25 bis unter 55 Jahre,Männlich,,3857.016
2019,Anzahl,25 bis unter 55 Jahre,Männlich,,3861.746
2020,Anzahl,25 bis unter 55 Jahre,Männlich,,3475.906
2021,Anzahl,25 bis unter 55 Jahre,Männlich,,2943.539
2022,Anzahl,25 bis unter 55 Jahre,Männlich,,3146.515
2023,Anzahl,25 bis unter 55 Jahre,Männlich,p,3250.339
2010,Prozent,55 bis unter 65 Jahre,,,10.584
2011,Prozent,55 bis unter 65 Jahre,,,10.946
2012,Prozent,55 bis unter 65 Jahre,,,10.169
2013,Prozent,55 bis unter 65 Jahre,,,10.162
2014,Prozent,55 bis unter 65 Jahre,,,10.446
2015,Prozent,55 bis unter 65 Jahre,,,11.034
2016,Prozent,55 bis unter 65 Jahre,,,11.763
2017,Prozent,55 bis unter 65 Jahre,,,11.193
2018,Prozent,55 bis unter 65 Jahre,,,11.048
2019,Prozent,55 bis unter 65 Jahre,,,11.615
2020,Prozent,55 bis unter 65 Jahre,,,10.307
2021,Prozent,55 bis unter 65 Jahre,,,8.355
2022,Prozent,55 bis unter 65 Jahre,,,9.949
2023,Prozent,55 bis unter 65 Jahre,,p,10.474
2010,Anzahl,55 bis unter 65 Jahre,,,1054.18
2011,Anzahl,55 bis unter 65 Jahre,,,1101.5
2012,Anzahl,55 bis unter 65 Jahre,,,1051.761
2013,Anzahl,55 bis unter 65 Jahre,,,1078.975
2014,Anzahl,55 bis unter 65 Jahre,,,1129.07
2015,Anzahl,55 bis unter 65 Jahre,,,1222.063
2016,Anzahl,55 bis unter 65 Jahre,,,1335.488
2017,Anzahl,55 bis unter 65 Jahre,,,1294.215
2018,Anzahl,55 bis unter 65 Jahre,,,1319.774
2019,Anzahl,55 bis unter 65 Jahre,,,1423.738
2020,Anzahl,55 bis unter 65 Jahre,,,1299.728
2021,Anzahl,55 bis unter 65 Jahre,,,1069.884
2022,Anzahl,55 bis unter 65 Jahre,,,1294.479
2023,Anzahl,55 bis unter 65 Jahre,,p,1377.254
2010,Prozent,55 bis unter 65 Jahre,Weiblich,,9.801
2011,Prozent,55 bis unter 65 Jahre,Weiblich,,10.161
2012,Prozent,55 bis unter 65 Jahre,Weiblich,,9.622
2013,Prozent,55 bis unter 65 Jahre,Weiblich,,9.759
2014,Prozent,55 bis unter 65 Jahre,Weiblich,,10.229
2015,Prozent,55 bis unter 65 Jahre,Weiblich,,10.823
2016,Prozent,55 bis unter 65 Jahre,Weiblich,,11.618
2017,Prozent,55 bis unter 65 Jahre,Weiblich,,11.171
2018,Prozent,55 bis unter 65 Jahre,Weiblich,,11.192
2019,Prozent,55 bis unter 65 Jahre,Weiblich,,11.805
2020,Prozent,55 bis unter 65 Jahre,Weiblich,,10.775
2021,Prozent,55 bis unter 65 Jahre,Weiblich,,8.643
2022,Prozent,55 bis unter 65 Jahre,Weiblich,,10.454
2023,Prozent,55 bis unter 65 Jahre,Weiblich,p,11.198
2010,Anzahl,55 bis unter 65 Jahre,Weiblich,,495.08
2011,Anzahl,55 bis unter 65 Jahre,Weiblich,,521.57
2012,Anzahl,55 bis unter 65 Jahre,Weiblich,,509.859
2013,Anzahl,55 bis unter 65 Jahre,Weiblich,,531.515
2014,Anzahl,55 bis unter 65 Jahre,Weiblich,,563.904
2015,Anzahl,55 bis unter 65 Jahre,Weiblich,,612.367
2016,Anzahl,55 bis unter 65 Jahre,Weiblich,,668.985
2017,Anzahl,55 bis unter 65 Jahre,Weiblich,,653.326
2018,Anzahl,55 bis unter 65 Jahre,Weiblich,,675.849
2019,Anzahl,55 bis unter 65 Jahre,Weiblich,,730.901
2020,Anzahl,55 bis unter 65 Jahre,Weiblich,,683.654
2021,Anzahl,55 bis unter 65 Jahre,Weiblich,,556.916
2022,Anzahl,55 bis unter 65 Jahre,Weiblich,,684.933
2023,Anzahl,55 bis unter 65 Jahre,Weiblich,p,742.266
2010,Prozent,55 bis unter 65 Jahre,Männlich,,11.389
2011,Prozent,55 bis unter 65 Jahre,Männlich,,11.763
2012,Prozent,55 bis unter 65 Jahre,Männlich,,10.743
2013,Prozent,55 bis unter 65 Jahre,Männlich,,10.586
2014,Prozent,55 bis unter 65 Jahre,Männlich,,10.672
2015,Prozent,55 bis unter 65 Jahre,Männlich,,11.255
2016,Prozent,55 bis unter 65 Jahre,Männlich,,11.913
2017,Prozent,55 bis unter 65 Jahre,Männlich,,11.216
2018,Prozent,55 bis unter 65 Jahre,Männlich,,10.9
2019,Prozent,55 bis unter 65 Jahre,Männlich,,11.422
2020,Prozent,55 bis unter 65 Jahre,Männlich,,9.833
2021,Prozent,55 bis unter 65 Jahre,Männlich,,8.062
2022,Prozent,55 bis unter 65 Jahre,Männlich,,9.437
2023,Prozent,55 bis unter 65 Jahre,Männlich,p,9.737
2010,Anzahl,55 bis unter 65 Jahre,Männlich,,559.09
2011,Anzahl,55 bis unter 65 Jahre,Männlich,,579.93
2012,Anzahl,55 bis unter 65 Jahre,Männlich,,541.903
2013,Anzahl,55 bis unter 65 Jahre,Männlich,,547.46
2014,Anzahl,55 bis unter 65 Jahre,Männlich,,565.166
2015,Anzahl,55 bis unter 65 Jahre,Männlich,,609.695
2016,Anzahl,55 bis unter 65 Jahre,Männlich,,666.502
2017,Anzahl,55 bis unter 65 Jahre,Männlich,,640.889
2018,Anzahl,55 bis unter 65 Jahre,Männlich,,643.925
2019,Anzahl,55 bis unter 65 Jahre,Männlich,,692.837
2020,Anzahl,55 bis unter 65 Jahre,Männlich,,616.074
2021,Anzahl,55 bis unter 65 Jahre,Männlich,,512.968
2022,Anzahl,55 bis unter 65 Jahre,Männlich,,609.546
2023,Anzahl,55 bis unter 65 Jahre,Männlich,p,634.988
