Year,Units,Sector,Type of financial flow,Type of Official Development Assistance,COMMENT_OBS_0,COMMENT_OBS_1,COMMENT_OBS_2,Value
2010,Million EUR,Water supply and sanitation,Official Development Assistance,Commitments,,,,566.859
2011,Million EUR,Water supply and sanitation,Official Development Assistance,Commitments,,,,748.48
2012,Million EUR,Water supply and sanitation,Official Development Assistance,Commitments,,,,1075.52
2013,Million EUR,Water supply and sanitation,Official Development Assistance,Commitments,,,,803.379
2014,Million EUR,Water supply and sanitation,Official Development Assistance,Commitments,,,,696.313
2015,Million EUR,Water supply and sanitation,Official Development Assistance,Commitments,,,,854.934
2016,Million EUR,Water supply and sanitation,Official Development Assistance,Commitments,,,,591.005
2017,Million EUR,Water supply and sanitation,Official Development Assistance,Commitments,,,,1263.616
2018,Million EUR,Water supply and sanitation,Official Development Assistance,Commitments,,,,1416.619
2019,Million EUR,Water supply and sanitation,Official Development Assistance,Commitments,,,,1223.479
2020,Million EUR,Water supply and sanitation,Official Development Assistance,Commitments,,,,1135.461
2021,Million EUR,Water supply and sanitation,Official Development Assistance,Commitments,,,,1052.936
2022,Million EUR,Water supply and sanitation,Official Development Assistance,Commitments,,,,1400.488
2023,Million EUR,Water supply and sanitation,Official Development Assistance,Commitments,,,,698.579
2024,Million EUR,Water supply and sanitation,Official Development Assistance,Commitments,,,,1393.622
2010,Million EUR,Transport and storage,Official Development Assistance,Commitments,,,,367.776
2011,Million EUR,Transport and storage,Official Development Assistance,Commitments,,,,64.273
2012,Million EUR,Transport and storage,Official Development Assistance,Commitments,,,,76.692
2013,Million EUR,Transport and storage,Official Development Assistance,Commitments,,,,228.64
2014,Million EUR,Transport and storage,Official Development Assistance,Commitments,,,,138.361
2015,Million EUR,Transport and storage,Official Development Assistance,Commitments,,,,668.163
2016,Million EUR,Transport and storage,Official Development Assistance,Commitments,,,,946.723
2017,Million EUR,Transport and storage,Official Development Assistance,Commitments,,,,421.653
2018,Million EUR,Transport and storage,Official Development Assistance,Commitments,,,,52.203
2019,Million EUR,Transport and storage,Official Development Assistance,Commitments,,,,793.824
2020,Million EUR,Transport and storage,Official Development Assistance,Commitments,,,,798.468
2021,Million EUR,Transport and storage,Official Development Assistance,Commitments,,,,642.954
2022,Million EUR,Transport and storage,Official Development Assistance,Commitments,,,,527.784
2023,Million EUR,Transport and storage,Official Development Assistance,Commitments,,,,839.404
2024,Million EUR,Transport and storage,Official Development Assistance,Commitments,,,,541.665
2010,Million EUR,Communications,Official Development Assistance,Commitments,,,,18.576
2011,Million EUR,Communications,Official Development Assistance,Commitments,,,,12.374
2012,Million EUR,Communications,Official Development Assistance,Commitments,,,,9.101
2013,Million EUR,Communications,Official Development Assistance,Commitments,,,,27.46
2014,Million EUR,Communications,Official Development Assistance,Commitments,,,,54.694
2015,Million EUR,Communications,Official Development Assistance,Commitments,,,,28.116
2016,Million EUR,Communications,Official Development Assistance,Commitments,,,,12.666
2017,Million EUR,Communications,Official Development Assistance,Commitments,,,,33.175
2018,Million EUR,Communications,Official Development Assistance,Commitments,,,,11.928
2019,Million EUR,Communications,Official Development Assistance,Commitments,,,,61.076
2020,Million EUR,Communications,Official Development Assistance,Commitments,,,,39.841
2021,Million EUR,Communications,Official Development Assistance,Commitments,,,,150.329
2022,Million EUR,Communications,Official Development Assistance,Commitments,,,,88.587
2023,Million EUR,Communications,Official Development Assistance,Commitments,,,,48.214
2024,Million EUR,Communications,Official Development Assistance,Commitments,,,,38.935
2010,Million EUR,Energy,Official Development Assistance,Commitments,,,,1813.137
2011,Million EUR,Energy,Official Development Assistance,Commitments,,,,1114.534
2012,Million EUR,Energy,Official Development Assistance,Commitments,,,,1043.354
2013,Million EUR,Energy,Official Development Assistance,Commitments,,,,1581.735
2014,Million EUR,Energy,Official Development Assistance,Commitments,,,,2974.079
2015,Million EUR,Energy,Official Development Assistance,Commitments,,,,2001.063
2016,Million EUR,Energy,Official Development Assistance,Commitments,,,,2332.488
2017,Million EUR,Energy,Official Development Assistance,Commitments,,,,2172.595
2018,Million EUR,Energy,Official Development Assistance,Commitments,,,,2931.578
2019,Million EUR,Energy,Official Development Assistance,Commitments,,,,2007.762
2020,Million EUR,Energy,Official Development Assistance,Commitments,,,,1594.5
2021,Million EUR,Energy,Official Development Assistance,Commitments,,,,1416.67
2022,Million EUR,Energy,Official Development Assistance,Commitments,,,,3563.555
2023,Million EUR,Energy,Official Development Assistance,Commitments,,,,3080.325
2024,Million EUR,Energy,Official Development Assistance,Commitments,,,,1987.54
2010,Million EUR,Urban development and management,Official Development Assistance,Commitments,,,,51.869
2011,Million EUR,Urban development and management,Official Development Assistance,Commitments,,,,313.286
2012,Million EUR,Urban development and management,Official Development Assistance,Commitments,,,,48.912
2013,Million EUR,Urban development and management,Official Development Assistance,Commitments,,,,135.842
2014,Million EUR,Urban development and management,Official Development Assistance,Commitments,,,,51.927
2015,Million EUR,Urban development and management,Official Development Assistance,Commitments,,,,90.856
2016,Million EUR,Urban development and management,Official Development Assistance,Commitments,,,,455.108
2017,Million EUR,Urban development and management,Official Development Assistance,Commitments,,,,204.952
2018,Million EUR,Urban development and management,Official Development Assistance,Commitments,,,,215.715
2019,Million EUR,Urban development and management,Official Development Assistance,Commitments,,,,280.982
2020,Million EUR,Urban development and management,Official Development Assistance,Commitments,,,,346.96
2021,Million EUR,Urban development and management,Official Development Assistance,Commitments,,,,137.054
2022,Million EUR,Urban development and management,Official Development Assistance,Commitments,,,,808.189
2023,Million EUR,Urban development and management,Official Development Assistance,Commitments,,,,437.784
2024,Million EUR,Urban development and management,Official Development Assistance,Commitments,,,,137.464
2010,Million EUR,Water supply and sanitation,Official Development Assistance,Gross disbursements,,,,449.387
2011,Million EUR,Water supply and sanitation,Official Development Assistance,Gross disbursements,,,,495.117
2012,Million EUR,Water supply and sanitation,Official Development Assistance,Gross disbursements,,,,450.456
2013,Million EUR,Water supply and sanitation,Official Development Assistance,Gross disbursements,,,,490.458
2014,Million EUR,Water supply and sanitation,Official Development Assistance,Gross disbursements,,,,686.944
2015,Million EUR,Water supply and sanitation,Official Development Assistance,Gross disbursements,,,,739.473
2016,Million EUR,Water supply and sanitation,Official Development Assistance,Gross disbursements,,,,743.538
2017,Million EUR,Water supply and sanitation,Official Development Assistance,Gross disbursements,,,,797.765
2018,Million EUR,Water supply and sanitation,Official Development Assistance,Gross disbursements,,,,837.61
2019,Million EUR,Water supply and sanitation,Official Development Assistance,Gross disbursements,,,,763.001
2020,Million EUR,Water supply and sanitation,Official Development Assistance,Gross disbursements,,,,824.907
2021,Million EUR,Water supply and sanitation,Official Development Assistance,Gross disbursements,,,,728.218
2022,Million EUR,Water supply and sanitation,Official Development Assistance,Gross disbursements,,,,771.218
2023,Million EUR,Water supply and sanitation,Official Development Assistance,Gross disbursements,,,,886.445
2024,Million EUR,Water supply and sanitation,Official Development Assistance,Gross disbursements,,,,1299.174
2010,Million EUR,Transport and storage,Official Development Assistance,Gross disbursements,,,,134.292
2011,Million EUR,Transport and storage,Official Development Assistance,Gross disbursements,,,,187.662
2012,Million EUR,Transport and storage,Official Development Assistance,Gross disbursements,,,,163.622
2013,Million EUR,Transport and storage,Official Development Assistance,Gross disbursements,,,,276.122
2014,Million EUR,Transport and storage,Official Development Assistance,Gross disbursements,,,,105.962
2015,Million EUR,Transport and storage,Official Development Assistance,Gross disbursements,,,,432.619
2016,Million EUR,Transport and storage,Official Development Assistance,Gross disbursements,,,,378.383
2017,Million EUR,Transport and storage,Official Development Assistance,Gross disbursements,,,,242.894
2018,Million EUR,Transport and storage,Official Development Assistance,Gross disbursements,,,,273.935
2019,Million EUR,Transport and storage,Official Development Assistance,Gross disbursements,,,,444.629
2020,Million EUR,Transport and storage,Official Development Assistance,Gross disbursements,,,,346.776
2021,Million EUR,Transport and storage,Official Development Assistance,Gross disbursements,,,,165.431
2022,Million EUR,Transport and storage,Official Development Assistance,Gross disbursements,,,,247.648
2023,Million EUR,Transport and storage,Official Development Assistance,Gross disbursements,,,,355.743
2024,Million EUR,Transport and storage,Official Development Assistance,Gross disbursements,,,,451.456
2010,Million EUR,Communications,Official Development Assistance,Gross disbursements,,,,20.555
2011,Million EUR,Communications,Official Development Assistance,Gross disbursements,,,,7.778
2012,Million EUR,Communications,Official Development Assistance,Gross disbursements,,,,5.479
2013,Million EUR,Communications,Official Development Assistance,Gross disbursements,,,,22.854
2014,Million EUR,Communications,Official Development Assistance,Gross disbursements,,,,57.058
2015,Million EUR,Communications,Official Development Assistance,Gross disbursements,,,,25.187
2016,Million EUR,Communications,Official Development Assistance,Gross disbursements,,,,13.898
2017,Million EUR,Communications,Official Development Assistance,Gross disbursements,,,,26.97
2018,Million EUR,Communications,Official Development Assistance,Gross disbursements,,,,8.941
2019,Million EUR,Communications,Official Development Assistance,Gross disbursements,,,,28.875
2020,Million EUR,Communications,Official Development Assistance,Gross disbursements,,,,36.512
2021,Million EUR,Communications,Official Development Assistance,Gross disbursements,,,,68.153
2022,Million EUR,Communications,Official Development Assistance,Gross disbursements,,,,82.24
2023,Million EUR,Communications,Official Development Assistance,Gross disbursements,,,,55.395
2024,Million EUR,Communications,Official Development Assistance,Gross disbursements,,,,50.404
2010,Million EUR,Energy,Official Development Assistance,Gross disbursements,,,,1044.339
2011,Million EUR,Energy,Official Development Assistance,Gross disbursements,,,,895.864
2012,Million EUR,Energy,Official Development Assistance,Gross disbursements,,,,614.358
2013,Million EUR,Energy,Official Development Assistance,Gross disbursements,,,,924.214
2014,Million EUR,Energy,Official Development Assistance,Gross disbursements,,,,1221.904
2015,Million EUR,Energy,Official Development Assistance,Gross disbursements,,,,1621.932
2016,Million EUR,Energy,Official Development Assistance,Gross disbursements,,,,1698.765
2017,Million EUR,Energy,Official Development Assistance,Gross disbursements,,,,1492.676
2018,Million EUR,Energy,Official Development Assistance,Gross disbursements,,,,1570.578
2019,Million EUR,Energy,Official Development Assistance,Gross disbursements,,,,1600.496
2020,Million EUR,Energy,Official Development Assistance,Gross disbursements,,,,1577.668
2021,Million EUR,Energy,Official Development Assistance,Gross disbursements,,,,1375.152
2022,Million EUR,Energy,Official Development Assistance,Gross disbursements,,,,1988.187
2023,Million EUR,Energy,Official Development Assistance,Gross disbursements,,,,2238.748
2024,Million EUR,Energy,Official Development Assistance,Gross disbursements,,,,2663.402
2010,Million EUR,Urban development and management,Official Development Assistance,Gross disbursements,,,,63.574
2011,Million EUR,Urban development and management,Official Development Assistance,Gross disbursements,,,,88.251
2012,Million EUR,Urban development and management,Official Development Assistance,Gross disbursements,,,,73.644
2013,Million EUR,Urban development and management,Official Development Assistance,Gross disbursements,,,,48.583
2014,Million EUR,Urban development and management,Official Development Assistance,Gross disbursements,,,,51.959
2015,Million EUR,Urban development and management,Official Development Assistance,Gross disbursements,,,,65.08
2016,Million EUR,Urban development and management,Official Development Assistance,Gross disbursements,,,,131.599
2017,Million EUR,Urban development and management,Official Development Assistance,Gross disbursements,,,,152.943
2018,Million EUR,Urban development and management,Official Development Assistance,Gross disbursements,,,,230.109
2019,Million EUR,Urban development and management,Official Development Assistance,Gross disbursements,,,,217.125
2020,Million EUR,Urban development and management,Official Development Assistance,Gross disbursements,,,,321.776
2021,Million EUR,Urban development and management,Official Development Assistance,Gross disbursements,,,,257.277
2022,Million EUR,Urban development and management,Official Development Assistance,Gross disbursements,,,,150.243
2023,Million EUR,Urban development and management,Official Development Assistance,Gross disbursements,,,,127.399
2024,Million EUR,Urban development and management,Official Development Assistance,Gross disbursements,,,,123.998
2010,Million EUR,Water supply and sanitation,Other Official Flows,Commitments,.,,,
2011,Million EUR,Water supply and sanitation,Other Official Flows,Commitments,.,,,
2012,Million EUR,Water supply and sanitation,Other Official Flows,Commitments,.,,,
2013,Million EUR,Water supply and sanitation,Other Official Flows,Commitments,.,,,
2014,Million EUR,Water supply and sanitation,Other Official Flows,Commitments,.,,,
2015,Million EUR,Water supply and sanitation,Other Official Flows,Commitments,.,,,
2016,Million EUR,Water supply and sanitation,Other Official Flows,Commitments,.,,,
2017,Million EUR,Water supply and sanitation,Other Official Flows,Commitments,.,,,
2018,Million EUR,Water supply and sanitation,Other Official Flows,Commitments,.,,,
2019,Million EUR,Water supply and sanitation,Other Official Flows,Commitments,,,,34.209
2020,Million EUR,Water supply and sanitation,Other Official Flows,Commitments,,,,79.816
2021,Million EUR,Water supply and sanitation,Other Official Flows,Commitments,.,,,
2022,Million EUR,Water supply and sanitation,Other Official Flows,Commitments,,,,45.946
2023,Million EUR,Water supply and sanitation,Other Official Flows,Commitments,.,,,
2024,Million EUR,Water supply and sanitation,Other Official Flows,Commitments,.,,,
2010,Million EUR,Transport and storage,Other Official Flows,Commitments,.,,,
2011,Million EUR,Transport and storage,Other Official Flows,Commitments,.,,,
2012,Million EUR,Transport and storage,Other Official Flows,Commitments,.,,,
2013,Million EUR,Transport and storage,Other Official Flows,Commitments,.,,,
2014,Million EUR,Transport and storage,Other Official Flows,Commitments,.,,,
2015,Million EUR,Transport and storage,Other Official Flows,Commitments,.,,,
2016,Million EUR,Transport and storage,Other Official Flows,Commitments,.,,,
2017,Million EUR,Transport and storage,Other Official Flows,Commitments,.,,,
2018,Million EUR,Transport and storage,Other Official Flows,Commitments,,,,72.34
2019,Million EUR,Transport and storage,Other Official Flows,Commitments,,,,52.089
2020,Million EUR,Transport and storage,Other Official Flows,Commitments,,,,18.869
2021,Million EUR,Transport and storage,Other Official Flows,Commitments,,,,39.431
2022,Million EUR,Transport and storage,Other Official Flows,Commitments,,,,39.498
2023,Million EUR,Transport and storage,Other Official Flows,Commitments,,,,9.683
2024,Million EUR,Transport and storage,Other Official Flows,Commitments,.,,,
2010,Million EUR,Communications,Other Official Flows,Commitments,.,,,
2011,Million EUR,Communications,Other Official Flows,Commitments,.,,,
2012,Million EUR,Communications,Other Official Flows,Commitments,.,,,
2013,Million EUR,Communications,Other Official Flows,Commitments,.,,,
2014,Million EUR,Communications,Other Official Flows,Commitments,.,,,
2015,Million EUR,Communications,Other Official Flows,Commitments,.,,,
2016,Million EUR,Communications,Other Official Flows,Commitments,.,,,
2017,Million EUR,Communications,Other Official Flows,Commitments,.,,,
2018,Million EUR,Communications,Other Official Flows,Commitments,,,,19.649
2019,Million EUR,Communications,Other Official Flows,Commitments,,,,28.006
2020,Million EUR,Communications,Other Official Flows,Commitments,,,,22.237
2021,Million EUR,Communications,Other Official Flows,Commitments,,,,20.82
2022,Million EUR,Communications,Other Official Flows,Commitments,,,,50.769
2023,Million EUR,Communications,Other Official Flows,Commitments,.,,,
2024,Million EUR,Communications,Other Official Flows,Commitments,.,,,
2010,Million EUR,Energy,Other Official Flows,Commitments,.,,,
2011,Million EUR,Energy,Other Official Flows,Commitments,.,,,
2012,Million EUR,Energy,Other Official Flows,Commitments,.,,,
2013,Million EUR,Energy,Other Official Flows,Commitments,.,,,
2014,Million EUR,Energy,Other Official Flows,Commitments,.,,,
2015,Million EUR,Energy,Other Official Flows,Commitments,.,,,
2016,Million EUR,Energy,Other Official Flows,Commitments,.,,,
2017,Million EUR,Energy,Other Official Flows,Commitments,.,,,
2018,Million EUR,Energy,Other Official Flows,Commitments,,,,154.328
2019,Million EUR,Energy,Other Official Flows,Commitments,,,,146.486
2020,Million EUR,Energy,Other Official Flows,Commitments,,,,94.567
2021,Million EUR,Energy,Other Official Flows,Commitments,,,,89.522
2022,Million EUR,Energy,Other Official Flows,Commitments,,,,176.929
2023,Million EUR,Energy,Other Official Flows,Commitments,,,,200.0
2024,Million EUR,Energy,Other Official Flows,Commitments,.,,,
2010,Million EUR,Urban development and management,Other Official Flows,Commitments,.,,,
2011,Million EUR,Urban development and management,Other Official Flows,Commitments,.,,,
2012,Million EUR,Urban development and management,Other Official Flows,Commitments,.,,,
2013,Million EUR,Urban development and management,Other Official Flows,Commitments,.,,,
2014,Million EUR,Urban development and management,Other Official Flows,Commitments,.,,,
2015,Million EUR,Urban development and management,Other Official Flows,Commitments,.,,,
2016,Million EUR,Urban development and management,Other Official Flows,Commitments,.,,,
2017,Million EUR,Urban development and management,Other Official Flows,Commitments,.,,,
2018,Million EUR,Urban development and management,Other Official Flows,Commitments,.,,,
2019,Million EUR,Urban development and management,Other Official Flows,Commitments,.,,,
2020,Million EUR,Urban development and management,Other Official Flows,Commitments,.,,,
2021,Million EUR,Urban development and management,Other Official Flows,Commitments,.,,,
2022,Million EUR,Urban development and management,Other Official Flows,Commitments,.,,,
2023,Million EUR,Urban development and management,Other Official Flows,Commitments,.,,,
2024,Million EUR,Urban development and management,Other Official Flows,Commitments,.,,,
2010,Million EUR,Water supply and sanitation,Other Official Flows,Gross disbursements,.,,,
2011,Million EUR,Water supply and sanitation,Other Official Flows,Gross disbursements,.,,,
2012,Million EUR,Water supply and sanitation,Other Official Flows,Gross disbursements,.,,,
2013,Million EUR,Water supply and sanitation,Other Official Flows,Gross disbursements,.,,,
2014,Million EUR,Water supply and sanitation,Other Official Flows,Gross disbursements,.,,,
2015,Million EUR,Water supply and sanitation,Other Official Flows,Gross disbursements,,,,8.043
2016,Million EUR,Water supply and sanitation,Other Official Flows,Gross disbursements,,,,5.737
2017,Million EUR,Water supply and sanitation,Other Official Flows,Gross disbursements,.,,,
2018,Million EUR,Water supply and sanitation,Other Official Flows,Gross disbursements,.,,,
2019,Million EUR,Water supply and sanitation,Other Official Flows,Gross disbursements,,,,34.209
2020,Million EUR,Water supply and sanitation,Other Official Flows,Gross disbursements,,,,79.816
2021,Million EUR,Water supply and sanitation,Other Official Flows,Gross disbursements,.,,,
2022,Million EUR,Water supply and sanitation,Other Official Flows,Gross disbursements,,,,45.946
2023,Million EUR,Water supply and sanitation,Other Official Flows,Gross disbursements,.,,,
2024,Million EUR,Water supply and sanitation,Other Official Flows,Gross disbursements,.,,,
2010,Million EUR,Transport and storage,Other Official Flows,Gross disbursements,,,,131.6
2011,Million EUR,Transport and storage,Other Official Flows,Gross disbursements,.,,,
2012,Million EUR,Transport and storage,Other Official Flows,Gross disbursements,,,,79.432
2013,Million EUR,Transport and storage,Other Official Flows,Gross disbursements,,,,49.641
2014,Million EUR,Transport and storage,Other Official Flows,Gross disbursements,,,,9.584
2015,Million EUR,Transport and storage,Other Official Flows,Gross disbursements,.,,,
2016,Million EUR,Transport and storage,Other Official Flows,Gross disbursements,.,,,
2017,Million EUR,Transport and storage,Other Official Flows,Gross disbursements,.,,,
2018,Million EUR,Transport and storage,Other Official Flows,Gross disbursements,,,,72.34
2019,Million EUR,Transport and storage,Other Official Flows,Gross disbursements,,,,52.089
2020,Million EUR,Transport and storage,Other Official Flows,Gross disbursements,,,,18.869
2021,Million EUR,Transport and storage,Other Official Flows,Gross disbursements,,,,39.431
2022,Million EUR,Transport and storage,Other Official Flows,Gross disbursements,,,,39.498
2023,Million EUR,Transport and storage,Other Official Flows,Gross disbursements,,,,4.442
2024,Million EUR,Transport and storage,Other Official Flows,Gross disbursements,.,,,
2010,Million EUR,Communications,Other Official Flows,Gross disbursements,.,,,
2011,Million EUR,Communications,Other Official Flows,Gross disbursements,.,,,
2012,Million EUR,Communications,Other Official Flows,Gross disbursements,.,,,
2013,Million EUR,Communications,Other Official Flows,Gross disbursements,.,,,
2014,Million EUR,Communications,Other Official Flows,Gross disbursements,.,,,
2015,Million EUR,Communications,Other Official Flows,Gross disbursements,.,,,
2016,Million EUR,Communications,Other Official Flows,Gross disbursements,.,,,
2017,Million EUR,Communications,Other Official Flows,Gross disbursements,.,,,
2018,Million EUR,Communications,Other Official Flows,Gross disbursements,,,,19.649
2019,Million EUR,Communications,Other Official Flows,Gross disbursements,,,,28.006
2020,Million EUR,Communications,Other Official Flows,Gross disbursements,,,,22.237
2021,Million EUR,Communications,Other Official Flows,Gross disbursements,,,,20.82
2022,Million EUR,Communications,Other Official Flows,Gross disbursements,,,,50.769
2023,Million EUR,Communications,Other Official Flows,Gross disbursements,.,,,
2024,Million EUR,Communications,Other Official Flows,Gross disbursements,.,,,
2010,Million EUR,Energy,Other Official Flows,Gross disbursements,.,,,
2011,Million EUR,Energy,Other Official Flows,Gross disbursements,.,,,
2012,Million EUR,Energy,Other Official Flows,Gross disbursements,.,,,
2013,Million EUR,Energy,Other Official Flows,Gross disbursements,.,,,
2014,Million EUR,Energy,Other Official Flows,Gross disbursements,.,,,
2015,Million EUR,Energy,Other Official Flows,Gross disbursements,.,,,
2016,Million EUR,Energy,Other Official Flows,Gross disbursements,.,,,
2017,Million EUR,Energy,Other Official Flows,Gross disbursements,.,,,
2018,Million EUR,Energy,Other Official Flows,Gross disbursements,,,,154.328
2019,Million EUR,Energy,Other Official Flows,Gross disbursements,,,,146.486
2020,Million EUR,Energy,Other Official Flows,Gross disbursements,,,,94.567
2021,Million EUR,Energy,Other Official Flows,Gross disbursements,,,,89.522
2022,Million EUR,Energy,Other Official Flows,Gross disbursements,,,,176.929
2023,Million EUR,Energy,Other Official Flows,Gross disbursements,,,,29.239
2024,Million EUR,Energy,Other Official Flows,Gross disbursements,,,,141.034
2010,Million EUR,Urban development and management,Other Official Flows,Gross disbursements,.,,,
2011,Million EUR,Urban development and management,Other Official Flows,Gross disbursements,.,,,
2012,Million EUR,Urban development and management,Other Official Flows,Gross disbursements,.,,,
2013,Million EUR,Urban development and management,Other Official Flows,Gross disbursements,.,,,
2014,Million EUR,Urban development and management,Other Official Flows,Gross disbursements,.,,,
2015,Million EUR,Urban development and management,Other Official Flows,Gross disbursements,.,,,
2016,Million EUR,Urban development and management,Other Official Flows,Gross disbursements,.,,,
2017,Million EUR,Urban development and management,Other Official Flows,Gross disbursements,.,,,
2018,Million EUR,Urban development and management,Other Official Flows,Gross disbursements,.,,,
2019,Million EUR,Urban development and management,Other Official Flows,Gross disbursements,.,,,
2020,Million EUR,Urban development and management,Other Official Flows,Gross disbursements,.,,,
2021,Million EUR,Urban development and management,Other Official Flows,Gross disbursements,.,,,
2022,Million EUR,Urban development and management,Other Official Flows,Gross disbursements,.,,,
2023,Million EUR,Urban development and management,Other Official Flows,Gross disbursements,.,,,
2024,Million EUR,Urban development and management,Other Official Flows,Gross disbursements,.,,,
2010,"Million USD, constant prices (2024)",Water supply and sanitation,Official Development Assistance,Commitments,,,,869.6
2011,"Million USD, constant prices (2024)",Water supply and sanitation,Official Development Assistance,Commitments,,,,1134.247
2012,"Million USD, constant prices (2024)",Water supply and sanitation,Official Development Assistance,Commitments,,,,1606.788
2013,"Million USD, constant prices (2024)",Water supply and sanitation,Official Development Assistance,Commitments,,,,1176.723
2014,"Million USD, constant prices (2024)",Water supply and sanitation,Official Development Assistance,Commitments,,,,1000.918
2015,"Million USD, constant prices (2024)",Water supply and sanitation,Official Development Assistance,Commitments,,,,1207.87
2016,"Million USD, constant prices (2024)",Water supply and sanitation,Official Development Assistance,Commitments,,,,824.586
2017,"Million USD, constant prices (2024)",Water supply and sanitation,Official Development Assistance,Commitments,,,,1737.466
2018,"Million USD, constant prices (2024)",Water supply and sanitation,Official Development Assistance,Commitments,,,,1912.051
2019,"Million USD, constant prices (2024)",Water supply and sanitation,Official Development Assistance,Commitments,,,,1618.771
2020,"Million USD, constant prices (2024)",Water supply and sanitation,Official Development Assistance,Commitments,,,,1476.441
2021,"Million USD, constant prices (2024)",Water supply and sanitation,Official Development Assistance,Commitments,,,,1333.256
2022,"Million USD, constant prices (2024)",Water supply and sanitation,Official Development Assistance,Commitments,,,,1666.338
2023,"Million USD, constant prices (2024)",Water supply and sanitation,Official Development Assistance,Commitments,,,,779.028
2024,"Million USD, constant prices (2024)",Water supply and sanitation,Official Development Assistance,Commitments,,,,1507.27
2010,"Million USD, constant prices (2024)",Transport and storage,Official Development Assistance,Commitments,,,,564.193
2011,"Million USD, constant prices (2024)",Transport and storage,Official Development Assistance,Commitments,,,,97.399
2012,"Million USD, constant prices (2024)",Transport and storage,Official Development Assistance,Commitments,,,,114.575
2013,"Million USD, constant prices (2024)",Transport and storage,Official Development Assistance,Commitments,,,,334.893
2014,"Million USD, constant prices (2024)",Transport and storage,Official Development Assistance,Commitments,,,,198.888
2015,"Million USD, constant prices (2024)",Transport and storage,Official Development Assistance,Commitments,,,,943.996
2016,"Million USD, constant prices (2024)",Transport and storage,Official Development Assistance,Commitments,,,,1320.895
2017,"Million USD, constant prices (2024)",Transport and storage,Official Development Assistance,Commitments,,,,579.772
2018,"Million USD, constant prices (2024)",Transport and storage,Official Development Assistance,Commitments,,,,70.46
2019,"Million USD, constant prices (2024)",Transport and storage,Official Development Assistance,Commitments,,,,1050.299
2020,"Million USD, constant prices (2024)",Transport and storage,Official Development Assistance,Commitments,,,,1038.249
2021,"Million USD, constant prices (2024)",Transport and storage,Official Development Assistance,Commitments,,,,814.127
2022,"Million USD, constant prices (2024)",Transport and storage,Official Development Assistance,Commitments,,,,627.972
2023,"Million USD, constant prices (2024)",Transport and storage,Official Development Assistance,Commitments,,,,936.07
2024,"Million USD, constant prices (2024)",Transport and storage,Official Development Assistance,Commitments,,,,585.837
2010,"Million USD, constant prices (2024)",Communications,Official Development Assistance,Commitments,,,,28.496
2011,"Million USD, constant prices (2024)",Communications,Official Development Assistance,Commitments,,,,18.752
2012,"Million USD, constant prices (2024)",Communications,Official Development Assistance,Commitments,,,,13.597
2013,"Million USD, constant prices (2024)",Communications,Official Development Assistance,Commitments,,,,40.221
2014,"Million USD, constant prices (2024)",Communications,Official Development Assistance,Commitments,,,,78.621
2015,"Million USD, constant prices (2024)",Communications,Official Development Assistance,Commitments,,,,39.723
2016,"Million USD, constant prices (2024)",Communications,Official Development Assistance,Commitments,,,,17.672
2017,"Million USD, constant prices (2024)",Communications,Official Development Assistance,Commitments,,,,45.615
2018,"Million USD, constant prices (2024)",Communications,Official Development Assistance,Commitments,,,,16.099
2019,"Million USD, constant prices (2024)",Communications,Official Development Assistance,Commitments,,,,80.809
2020,"Million USD, constant prices (2024)",Communications,Official Development Assistance,Commitments,,,,51.805
2021,"Million USD, constant prices (2024)",Communications,Official Development Assistance,Commitments,,,,190.351
2022,"Million USD, constant prices (2024)",Communications,Official Development Assistance,Commitments,,,,105.403
2023,"Million USD, constant prices (2024)",Communications,Official Development Assistance,Commitments,,,,53.766
2024,"Million USD, constant prices (2024)",Communications,Official Development Assistance,Commitments,,,,42.11
2010,"Million USD, constant prices (2024)",Energy,Official Development Assistance,Commitments,,,,2781.474
2011,"Million USD, constant prices (2024)",Energy,Official Development Assistance,Commitments,,,,1688.966
2012,"Million USD, constant prices (2024)",Energy,Official Development Assistance,Commitments,,,,1558.734
2013,"Million USD, constant prices (2024)",Energy,Official Development Assistance,Commitments,,,,2316.795
2014,"Million USD, constant prices (2024)",Energy,Official Development Assistance,Commitments,,,,4275.099
2015,"Million USD, constant prices (2024)",Energy,Official Development Assistance,Commitments,,,,2827.148
2016,"Million USD, constant prices (2024)",Energy,Official Development Assistance,Commitments,,,,3254.353
2017,"Million USD, constant prices (2024)",Energy,Official Development Assistance,Commitments,,,,2987.308
2018,"Million USD, constant prices (2024)",Energy,Official Development Assistance,Commitments,,,,3956.833
2019,"Million USD, constant prices (2024)",Energy,Official Development Assistance,Commitments,,,,2656.445
2020,"Million USD, constant prices (2024)",Energy,Official Development Assistance,Commitments,,,,2073.329
2021,"Million USD, constant prices (2024)",Energy,Official Development Assistance,Commitments,,,,1793.827
2022,"Million USD, constant prices (2024)",Energy,Official Development Assistance,Commitments,,,,4240.013
2023,"Million USD, constant prices (2024)",Energy,Official Development Assistance,Commitments,,,,3435.059
2024,"Million USD, constant prices (2024)",Energy,Official Development Assistance,Commitments,,,,2149.622
2010,"Million USD, constant prices (2024)",Urban development and management,Official Development Assistance,Commitments,,,,79.57
2011,"Million USD, constant prices (2024)",Urban development and management,Official Development Assistance,Commitments,,,,474.754
2012,"Million USD, constant prices (2024)",Urban development and management,Official Development Assistance,Commitments,,,,73.073
2013,"Million USD, constant prices (2024)",Urban development and management,Official Development Assistance,Commitments,,,,198.97
2014,"Million USD, constant prices (2024)",Urban development and management,Official Development Assistance,Commitments,,,,74.643
2015,"Million USD, constant prices (2024)",Urban development and management,Official Development Assistance,Commitments,,,,128.363
2016,"Million USD, constant prices (2024)",Urban development and management,Official Development Assistance,Commitments,,,,634.98
2017,"Million USD, constant prices (2024)",Urban development and management,Official Development Assistance,Commitments,,,,281.808
2018,"Million USD, constant prices (2024)",Urban development and management,Official Development Assistance,Commitments,,,,291.157
2019,"Million USD, constant prices (2024)",Urban development and management,Official Development Assistance,Commitments,,,,371.764
2020,"Million USD, constant prices (2024)",Urban development and management,Official Development Assistance,Commitments,,,,451.152
2021,"Million USD, constant prices (2024)",Urban development and management,Official Development Assistance,Commitments,,,,173.541
2022,"Million USD, constant prices (2024)",Urban development and management,Official Development Assistance,Commitments,,,,961.605
2023,"Million USD, constant prices (2024)",Urban development and management,Official Development Assistance,Commitments,,,,488.2
2024,"Million USD, constant prices (2024)",Urban development and management,Official Development Assistance,Commitments,,,,148.674
2010,"Million USD, constant prices (2024)",Water supply and sanitation,Official Development Assistance,Gross disbursements,,,,689.39
2011,"Million USD, constant prices (2024)",Water supply and sanitation,Official Development Assistance,Gross disbursements,,,,750.302
2012,"Million USD, constant prices (2024)",Water supply and sanitation,Official Development Assistance,Gross disbursements,,,,672.966
2013,"Million USD, constant prices (2024)",Water supply and sanitation,Official Development Assistance,Gross disbursements,,,,718.382
2014,"Million USD, constant prices (2024)",Water supply and sanitation,Official Development Assistance,Gross disbursements,,,,987.449
2015,"Million USD, constant prices (2024)",Water supply and sanitation,Official Development Assistance,Gross disbursements,,,,1044.745
2016,"Million USD, constant prices (2024)",Water supply and sanitation,Official Development Assistance,Gross disbursements,,,,1037.405
2017,"Million USD, constant prices (2024)",Water supply and sanitation,Official Development Assistance,Gross disbursements,,,,1096.923
2018,"Million USD, constant prices (2024)",Water supply and sanitation,Official Development Assistance,Gross disbursements,,,,1130.546
2019,"Million USD, constant prices (2024)",Water supply and sanitation,Official Development Assistance,Gross disbursements,,,,1009.517
2020,"Million USD, constant prices (2024)",Water supply and sanitation,Official Development Assistance,Gross disbursements,,,,1072.627
2021,"Million USD, constant prices (2024)",Water supply and sanitation,Official Development Assistance,Gross disbursements,,,,922.089
2022,"Million USD, constant prices (2024)",Water supply and sanitation,Official Development Assistance,Gross disbursements,,,,917.616
2023,"Million USD, constant prices (2024)",Water supply and sanitation,Official Development Assistance,Gross disbursements,,,,988.529
2024,"Million USD, constant prices (2024)",Water supply and sanitation,Official Development Assistance,Gross disbursements,,,,1405.12
2010,"Million USD, constant prices (2024)",Transport and storage,Official Development Assistance,Gross disbursements,,,,206.013
2011,"Million USD, constant prices (2024)",Transport and storage,Official Development Assistance,Gross disbursements,,,,284.383
2012,"Million USD, constant prices (2024)",Transport and storage,Official Development Assistance,Gross disbursements,,,,244.446
2013,"Million USD, constant prices (2024)",Transport and storage,Official Development Assistance,Gross disbursements,,,,404.44
2014,"Million USD, constant prices (2024)",Transport and storage,Official Development Assistance,Gross disbursements,,,,152.315
2015,"Million USD, constant prices (2024)",Transport and storage,Official Development Assistance,Gross disbursements,,,,611.213
2016,"Million USD, constant prices (2024)",Transport and storage,Official Development Assistance,Gross disbursements,,,,527.931
2017,"Million USD, constant prices (2024)",Transport and storage,Official Development Assistance,Gross disbursements,,,,333.978
2018,"Million USD, constant prices (2024)",Transport and storage,Official Development Assistance,Gross disbursements,,,,369.738
2019,"Million USD, constant prices (2024)",Transport and storage,Official Development Assistance,Gross disbursements,,,,588.284
2020,"Million USD, constant prices (2024)",Transport and storage,Official Development Assistance,Gross disbursements,,,,450.913
2021,"Million USD, constant prices (2024)",Transport and storage,Official Development Assistance,Gross disbursements,,,,209.473
2022,"Million USD, constant prices (2024)",Transport and storage,Official Development Assistance,Gross disbursements,,,,294.658
2023,"Million USD, constant prices (2024)",Transport and storage,Official Development Assistance,Gross disbursements,,,,396.711
2024,"Million USD, constant prices (2024)",Transport and storage,Official Development Assistance,Gross disbursements,,,,488.272
2010,"Million USD, constant prices (2024)",Communications,Official Development Assistance,Gross disbursements,,,,31.532
2011,"Million USD, constant prices (2024)",Communications,Official Development Assistance,Gross disbursements,,,,11.787
2012,"Million USD, constant prices (2024)",Communications,Official Development Assistance,Gross disbursements,,,,8.186
2013,"Million USD, constant prices (2024)",Communications,Official Development Assistance,Gross disbursements,,,,33.474
2014,"Million USD, constant prices (2024)",Communications,Official Development Assistance,Gross disbursements,,,,82.019
2015,"Million USD, constant prices (2024)",Communications,Official Development Assistance,Gross disbursements,,,,35.585
2016,"Million USD, constant prices (2024)",Communications,Official Development Assistance,Gross disbursements,,,,19.391
2017,"Million USD, constant prices (2024)",Communications,Official Development Assistance,Gross disbursements,,,,37.084
2018,"Million USD, constant prices (2024)",Communications,Official Development Assistance,Gross disbursements,,,,12.068
2019,"Million USD, constant prices (2024)",Communications,Official Development Assistance,Gross disbursements,,,,38.205
2020,"Million USD, constant prices (2024)",Communications,Official Development Assistance,Gross disbursements,,,,47.476
2021,"Million USD, constant prices (2024)",Communications,Official Development Assistance,Gross disbursements,,,,86.297
2022,"Million USD, constant prices (2024)",Communications,Official Development Assistance,Gross disbursements,,,,97.851
2023,"Million USD, constant prices (2024)",Communications,Official Development Assistance,Gross disbursements,,,,61.774
2024,"Million USD, constant prices (2024)",Communications,Official Development Assistance,Gross disbursements,,,,54.514
2010,"Million USD, constant prices (2024)",Energy,Official Development Assistance,Gross disbursements,,,,1602.086
2011,"Million USD, constant prices (2024)",Energy,Official Development Assistance,Gross disbursements,,,,1357.594
2012,"Million USD, constant prices (2024)",Energy,Official Development Assistance,Gross disbursements,,,,917.829
2013,"Million USD, constant prices (2024)",Energy,Official Development Assistance,Gross disbursements,,,,1353.713
2014,"Million USD, constant prices (2024)",Energy,Official Development Assistance,Gross disbursements,,,,1756.429
2015,"Million USD, constant prices (2024)",Energy,Official Development Assistance,Gross disbursements,,,,2291.503
2016,"Million USD, constant prices (2024)",Energy,Official Development Assistance,Gross disbursements,,,,2370.165
2017,"Million USD, constant prices (2024)",Energy,Official Development Assistance,Gross disbursements,,,,2052.423
2018,"Million USD, constant prices (2024)",Energy,Official Development Assistance,Gross disbursements,,,,2119.853
2019,"Million USD, constant prices (2024)",Energy,Official Development Assistance,Gross disbursements,,,,2117.597
2020,"Million USD, constant prices (2024)",Energy,Official Development Assistance,Gross disbursements,,,,2051.442
2021,"Million USD, constant prices (2024)",Energy,Official Development Assistance,Gross disbursements,,,,1741.255
2022,"Million USD, constant prices (2024)",Energy,Official Development Assistance,Gross disbursements,,,,2365.598
2023,"Million USD, constant prices (2024)",Energy,Official Development Assistance,Gross disbursements,,,,2496.565
2024,"Million USD, constant prices (2024)",Energy,Official Development Assistance,Gross disbursements,,,,2880.6
2010,"Million USD, constant prices (2024)",Urban development and management,Official Development Assistance,Gross disbursements,,,,97.526
2011,"Million USD, constant prices (2024)",Urban development and management,Official Development Assistance,Gross disbursements,,,,133.736
2012,"Million USD, constant prices (2024)",Urban development and management,Official Development Assistance,Gross disbursements,,,,110.022
2013,"Million USD, constant prices (2024)",Urban development and management,Official Development Assistance,Gross disbursements,,,,71.161
2014,"Million USD, constant prices (2024)",Urban development and management,Official Development Assistance,Gross disbursements,,,,74.688
2015,"Million USD, constant prices (2024)",Urban development and management,Official Development Assistance,Gross disbursements,,,,91.947
2016,"Million USD, constant prices (2024)",Urban development and management,Official Development Assistance,Gross disbursements,,,,183.61
2017,"Million USD, constant prices (2024)",Urban development and management,Official Development Assistance,Gross disbursements,,,,210.296
2018,"Million USD, constant prices (2024)",Urban development and management,Official Development Assistance,Gross disbursements,,,,310.585
2019,"Million USD, constant prices (2024)",Urban development and management,Official Development Assistance,Gross disbursements,,,,287.276
2020,"Million USD, constant prices (2024)",Urban development and management,Official Development Assistance,Gross disbursements,,,,418.405
2021,"Million USD, constant prices (2024)",Urban development and management,Official Development Assistance,Gross disbursements,,,,325.772
2022,"Million USD, constant prices (2024)",Urban development and management,Official Development Assistance,Gross disbursements,,,,178.763
2023,"Million USD, constant prices (2024)",Urban development and management,Official Development Assistance,Gross disbursements,,,,142.07
2024,"Million USD, constant prices (2024)",Urban development and management,Official Development Assistance,Gross disbursements,,,,134.11
2010,"Million USD, constant prices (2024)",Water supply and sanitation,Other Official Flows,Commitments,.,,,
2011,"Million USD, constant prices (2024)",Water supply and sanitation,Other Official Flows,Commitments,.,,,
2012,"Million USD, constant prices (2024)",Water supply and sanitation,Other Official Flows,Commitments,.,,,
2013,"Million USD, constant prices (2024)",Water supply and sanitation,Other Official Flows,Commitments,.,,,
2014,"Million USD, constant prices (2024)",Water supply and sanitation,Other Official Flows,Commitments,.,,,
2015,"Million USD, constant prices (2024)",Water supply and sanitation,Other Official Flows,Commitments,.,,,
2016,"Million USD, constant prices (2024)",Water supply and sanitation,Other Official Flows,Commitments,.,,,
2017,"Million USD, constant prices (2024)",Water supply and sanitation,Other Official Flows,Commitments,.,,,
2018,"Million USD, constant prices (2024)",Water supply and sanitation,Other Official Flows,Commitments,.,,,
2019,"Million USD, constant prices (2024)",Water supply and sanitation,Other Official Flows,Commitments,,,,45.262
2020,"Million USD, constant prices (2024)",Water supply and sanitation,Other Official Flows,Commitments,,,,103.785
2021,"Million USD, constant prices (2024)",Water supply and sanitation,Other Official Flows,Commitments,.,,,
2022,"Million USD, constant prices (2024)",Water supply and sanitation,Other Official Flows,Commitments,,,,54.668
2023,"Million USD, constant prices (2024)",Water supply and sanitation,Other Official Flows,Commitments,.,,,
2024,"Million USD, constant prices (2024)",Water supply and sanitation,Other Official Flows,Commitments,.,,,
2010,"Million USD, constant prices (2024)",Transport and storage,Other Official Flows,Commitments,.,,,
2011,"Million USD, constant prices (2024)",Transport and storage,Other Official Flows,Commitments,.,,,
2012,"Million USD, constant prices (2024)",Transport and storage,Other Official Flows,Commitments,.,,,
2013,"Million USD, constant prices (2024)",Transport and storage,Other Official Flows,Commitments,.,,,
2014,"Million USD, constant prices (2024)",Transport and storage,Other Official Flows,Commitments,.,,,
2015,"Million USD, constant prices (2024)",Transport and storage,Other Official Flows,Commitments,.,,,
2016,"Million USD, constant prices (2024)",Transport and storage,Other Official Flows,Commitments,.,,,
2017,"Million USD, constant prices (2024)",Transport and storage,Other Official Flows,Commitments,.,,,
2018,"Million USD, constant prices (2024)",Transport and storage,Other Official Flows,Commitments,,,,97.639
2019,"Million USD, constant prices (2024)",Transport and storage,Other Official Flows,Commitments,,,,68.919
2020,"Million USD, constant prices (2024)",Transport and storage,Other Official Flows,Commitments,,,,24.535
2021,"Million USD, constant prices (2024)",Transport and storage,Other Official Flows,Commitments,,,,49.928
2022,"Million USD, constant prices (2024)",Transport and storage,Other Official Flows,Commitments,,,,46.996
2023,"Million USD, constant prices (2024)",Transport and storage,Other Official Flows,Commitments,,,,10.798
2024,"Million USD, constant prices (2024)",Transport and storage,Other Official Flows,Commitments,.,,,
2010,"Million USD, constant prices (2024)",Communications,Other Official Flows,Commitments,.,,,
2011,"Million USD, constant prices (2024)",Communications,Other Official Flows,Commitments,.,,,
2012,"Million USD, constant prices (2024)",Communications,Other Official Flows,Commitments,.,,,
2013,"Million USD, constant prices (2024)",Communications,Other Official Flows,Commitments,.,,,
2014,"Million USD, constant prices (2024)",Communications,Other Official Flows,Commitments,.,,,
2015,"Million USD, constant prices (2024)",Communications,Other Official Flows,Commitments,.,,,
2016,"Million USD, constant prices (2024)",Communications,Other Official Flows,Commitments,.,,,
2017,"Million USD, constant prices (2024)",Communications,Other Official Flows,Commitments,.,,,
2018,"Million USD, constant prices (2024)",Communications,Other Official Flows,Commitments,,,,26.521
2019,"Million USD, constant prices (2024)",Communications,Other Official Flows,Commitments,,,,37.054
2020,"Million USD, constant prices (2024)",Communications,Other Official Flows,Commitments,,,,28.915
2021,"Million USD, constant prices (2024)",Communications,Other Official Flows,Commitments,,,,26.363
2022,"Million USD, constant prices (2024)",Communications,Other Official Flows,Commitments,,,,60.407
2023,"Million USD, constant prices (2024)",Communications,Other Official Flows,Commitments,.,,,
2024,"Million USD, constant prices (2024)",Communications,Other Official Flows,Commitments,.,,,
2010,"Million USD, constant prices (2024)",Energy,Other Official Flows,Commitments,.,,,
2011,"Million USD, constant prices (2024)",Energy,Other Official Flows,Commitments,.,,,
2012,"Million USD, constant prices (2024)",Energy,Other Official Flows,Commitments,.,,,
2013,"Million USD, constant prices (2024)",Energy,Other Official Flows,Commitments,.,,,
2014,"Million USD, constant prices (2024)",Energy,Other Official Flows,Commitments,.,,,
2015,"Million USD, constant prices (2024)",Energy,Other Official Flows,Commitments,.,,,
2016,"Million USD, constant prices (2024)",Energy,Other Official Flows,Commitments,.,,,
2017,"Million USD, constant prices (2024)",Energy,Other Official Flows,Commitments,.,,,
2018,"Million USD, constant prices (2024)",Energy,Other Official Flows,Commitments,,,,208.3
2019,"Million USD, constant prices (2024)",Energy,Other Official Flows,Commitments,,,,193.815
2020,"Million USD, constant prices (2024)",Energy,Other Official Flows,Commitments,,,,122.965
2021,"Million USD, constant prices (2024)",Energy,Other Official Flows,Commitments,,,,113.356
2022,"Million USD, constant prices (2024)",Energy,Other Official Flows,Commitments,,,,210.515
2023,"Million USD, constant prices (2024)",Energy,Other Official Flows,Commitments,,,,223.032
2024,"Million USD, constant prices (2024)",Energy,Other Official Flows,Commitments,.,,,
2010,"Million USD, constant prices (2024)",Urban development and management,Other Official Flows,Commitments,.,,,
2011,"Million USD, constant prices (2024)",Urban development and management,Other Official Flows,Commitments,.,,,
2012,"Million USD, constant prices (2024)",Urban development and management,Other Official Flows,Commitments,.,,,
2013,"Million USD, constant prices (2024)",Urban development and management,Other Official Flows,Commitments,.,,,
2014,"Million USD, constant prices (2024)",Urban development and management,Other Official Flows,Commitments,.,,,
2015,"Million USD, constant prices (2024)",Urban development and management,Other Official Flows,Commitments,.,,,
2016,"Million USD, constant prices (2024)",Urban development and management,Other Official Flows,Commitments,.,,,
2017,"Million USD, constant prices (2024)",Urban development and management,Other Official Flows,Commitments,.,,,
2018,"Million USD, constant prices (2024)",Urban development and management,Other Official Flows,Commitments,.,,,
2019,"Million USD, constant prices (2024)",Urban development and management,Other Official Flows,Commitments,.,,,
2020,"Million USD, constant prices (2024)",Urban development and management,Other Official Flows,Commitments,.,,,
2021,"Million USD, constant prices (2024)",Urban development and management,Other Official Flows,Commitments,.,,,
2022,"Million USD, constant prices (2024)",Urban development and management,Other Official Flows,Commitments,.,,,
2023,"Million USD, constant prices (2024)",Urban development and management,Other Official Flows,Commitments,.,,,
2024,"Million USD, constant prices (2024)",Urban development and management,Other Official Flows,Commitments,.,,,
2010,"Million USD, constant prices (2024)",Water supply and sanitation,Other Official Flows,Gross disbursements,.,,,
2011,"Million USD, constant prices (2024)",Water supply and sanitation,Other Official Flows,Gross disbursements,.,,,
2012,"Million USD, constant prices (2024)",Water supply and sanitation,Other Official Flows,Gross disbursements,.,,,
2013,"Million USD, constant prices (2024)",Water supply and sanitation,Other Official Flows,Gross disbursements,.,,,
2014,"Million USD, constant prices (2024)",Water supply and sanitation,Other Official Flows,Gross disbursements,.,,,
2015,"Million USD, constant prices (2024)",Water supply and sanitation,Other Official Flows,Gross disbursements,,,,11.363
2016,"Million USD, constant prices (2024)",Water supply and sanitation,Other Official Flows,Gross disbursements,,,,8.005
2017,"Million USD, constant prices (2024)",Water supply and sanitation,Other Official Flows,Gross disbursements,.,,,
2018,"Million USD, constant prices (2024)",Water supply and sanitation,Other Official Flows,Gross disbursements,.,,,
2019,"Million USD, constant prices (2024)",Water supply and sanitation,Other Official Flows,Gross disbursements,,,,45.262
2020,"Million USD, constant prices (2024)",Water supply and sanitation,Other Official Flows,Gross disbursements,,,,103.785
2021,"Million USD, constant prices (2024)",Water supply and sanitation,Other Official Flows,Gross disbursements,.,,,
2022,"Million USD, constant prices (2024)",Water supply and sanitation,Other Official Flows,Gross disbursements,,,,54.668
2023,"Million USD, constant prices (2024)",Water supply and sanitation,Other Official Flows,Gross disbursements,.,,,
2024,"Million USD, constant prices (2024)",Water supply and sanitation,Other Official Flows,Gross disbursements,.,,,
2010,"Million USD, constant prices (2024)",Transport and storage,Other Official Flows,Gross disbursements,,,,201.883
2011,"Million USD, constant prices (2024)",Transport and storage,Other Official Flows,Gross disbursements,.,,,
2012,"Million USD, constant prices (2024)",Transport and storage,Other Official Flows,Gross disbursements,,,,118.668
2013,"Million USD, constant prices (2024)",Transport and storage,Other Official Flows,Gross disbursements,,,,72.711
2014,"Million USD, constant prices (2024)",Transport and storage,Other Official Flows,Gross disbursements,,,,13.777
2015,"Million USD, constant prices (2024)",Transport and storage,Other Official Flows,Gross disbursements,.,,,
2016,"Million USD, constant prices (2024)",Transport and storage,Other Official Flows,Gross disbursements,.,,,
2017,"Million USD, constant prices (2024)",Transport and storage,Other Official Flows,Gross disbursements,.,,,
2018,"Million USD, constant prices (2024)",Transport and storage,Other Official Flows,Gross disbursements,,,,97.639
2019,"Million USD, constant prices (2024)",Transport and storage,Other Official Flows,Gross disbursements,,,,68.919
2020,"Million USD, constant prices (2024)",Transport and storage,Other Official Flows,Gross disbursements,,,,24.535
2021,"Million USD, constant prices (2024)",Transport and storage,Other Official Flows,Gross disbursements,,,,49.928
2022,"Million USD, constant prices (2024)",Transport and storage,Other Official Flows,Gross disbursements,,,,46.996
2023,"Million USD, constant prices (2024)",Transport and storage,Other Official Flows,Gross disbursements,,,,4.953
2024,"Million USD, constant prices (2024)",Transport and storage,Other Official Flows,Gross disbursements,.,,,
2010,"Million USD, constant prices (2024)",Communications,Other Official Flows,Gross disbursements,.,,,
2011,"Million USD, constant prices (2024)",Communications,Other Official Flows,Gross disbursements,.,,,
2012,"Million USD, constant prices (2024)",Communications,Other Official Flows,Gross disbursements,.,,,
2013,"Million USD, constant prices (2024)",Communications,Other Official Flows,Gross disbursements,.,,,
2014,"Million USD, constant prices (2024)",Communications,Other Official Flows,Gross disbursements,.,,,
2015,"Million USD, constant prices (2024)",Communications,Other Official Flows,Gross disbursements,.,,,
2016,"Million USD, constant prices (2024)",Communications,Other Official Flows,Gross disbursements,.,,,
2017,"Million USD, constant prices (2024)",Communications,Other Official Flows,Gross disbursements,.,,,
2018,"Million USD, constant prices (2024)",Communications,Other Official Flows,Gross disbursements,,,,26.521
2019,"Million USD, constant prices (2024)",Communications,Other Official Flows,Gross disbursements,,,,37.054
2020,"Million USD, constant prices (2024)",Communications,Other Official Flows,Gross disbursements,,,,28.915
2021,"Million USD, constant prices (2024)",Communications,Other Official Flows,Gross disbursements,,,,26.363
2022,"Million USD, constant prices (2024)",Communications,Other Official Flows,Gross disbursements,,,,60.407
2023,"Million USD, constant prices (2024)",Communications,Other Official Flows,Gross disbursements,.,,,
2024,"Million USD, constant prices (2024)",Communications,Other Official Flows,Gross disbursements,.,,,
2010,"Million USD, constant prices (2024)",Energy,Other Official Flows,Gross disbursements,.,,,
2011,"Million USD, constant prices (2024)",Energy,Other Official Flows,Gross disbursements,.,,,
2012,"Million USD, constant prices (2024)",Energy,Other Official Flows,Gross disbursements,.,,,
2013,"Million USD, constant prices (2024)",Energy,Other Official Flows,Gross disbursements,.,,,
2014,"Million USD, constant prices (2024)",Energy,Other Official Flows,Gross disbursements,.,,,
2015,"Million USD, constant prices (2024)",Energy,Other Official Flows,Gross disbursements,.,,,
2016,"Million USD, constant prices (2024)",Energy,Other Official Flows,Gross disbursements,.,,,
2017,"Million USD, constant prices (2024)",Energy,Other Official Flows,Gross disbursements,.,,,
2018,"Million USD, constant prices (2024)",Energy,Other Official Flows,Gross disbursements,,,,208.3
2019,"Million USD, constant prices (2024)",Energy,Other Official Flows,Gross disbursements,,,,193.815
2020,"Million USD, constant prices (2024)",Energy,Other Official Flows,Gross disbursements,,,,122.965
2021,"Million USD, constant prices (2024)",Energy,Other Official Flows,Gross disbursements,,,,113.356
2022,"Million USD, constant prices (2024)",Energy,Other Official Flows,Gross disbursements,,,,210.515
2023,"Million USD, constant prices (2024)",Energy,Other Official Flows,Gross disbursements,,,,32.606
2024,"Million USD, constant prices (2024)",Energy,Other Official Flows,Gross disbursements,,,,152.536
2010,"Million USD, constant prices (2024)",Urban development and management,Other Official Flows,Gross disbursements,.,,,
2011,"Million USD, constant prices (2024)",Urban development and management,Other Official Flows,Gross disbursements,.,,,
2012,"Million USD, constant prices (2024)",Urban development and management,Other Official Flows,Gross disbursements,.,,,
2013,"Million USD, constant prices (2024)",Urban development and management,Other Official Flows,Gross disbursements,.,,,
2014,"Million USD, constant prices (2024)",Urban development and management,Other Official Flows,Gross disbursements,.,,,
2015,"Million USD, constant prices (2024)",Urban development and management,Other Official Flows,Gross disbursements,.,,,
2016,"Million USD, constant prices (2024)",Urban development and management,Other Official Flows,Gross disbursements,.,,,
2017,"Million USD, constant prices (2024)",Urban development and management,Other Official Flows,Gross disbursements,.,,,
2018,"Million USD, constant prices (2024)",Urban development and management,Other Official Flows,Gross disbursements,.,,,
2019,"Million USD, constant prices (2024)",Urban development and management,Other Official Flows,Gross disbursements,.,,,
2020,"Million USD, constant prices (2024)",Urban development and management,Other Official Flows,Gross disbursements,.,,,
2021,"Million USD, constant prices (2024)",Urban development and management,Other Official Flows,Gross disbursements,.,,,
2022,"Million USD, constant prices (2024)",Urban development and management,Other Official Flows,Gross disbursements,.,,,
2023,"Million USD, constant prices (2024)",Urban development and management,Other Official Flows,Gross disbursements,.,,,
2024,"Million USD, constant prices (2024)",Urban development and management,Other Official Flows,Gross disbursements,.,,,
