Year,timeseries,COMMENT_OBS_0,COMMENT_OBS_1,COMMENT_OBS_2,Value
2020,score for the implementation of unclos and ist two implementing agreements,.,,,
2021,score for the implementation of unclos and ist two implementing agreements,,,,100.0
2022,score for the implementation of unclos and ist two implementing agreements,.,,,
2020,score for the ratification of and accession to unclos and ist two implementing agreements,.,,,
2021,score for the ratification of and accession to unclos and ist two implementing agreements,,,,100.0
2022,score for the ratification of and accession to unclos and ist two implementing agreements,.,,,
