Year,age group,sex,Value
2010,13 years and younger,,11
2011,13 years and younger,,29
2012,13 years and younger,,19
2013,13 years and younger,,18
2014,13 years and younger,,22
2015,13 years and younger,,19
2016,13 years and younger,,36
2017,13 years and younger,,67
2018,13 years and younger,,18
2019,13 years and younger,,15
2020,13 years and younger,,31
2021,13 years and younger,,36
2022,13 years and younger,,20
2010,13 years and younger,female,2
2011,13 years and younger,female,13
2012,13 years and younger,female,11
2013,13 years and younger,female,6
2014,13 years and younger,female,9
2015,13 years and younger,female,7
2016,13 years and younger,female,15
2017,13 years and younger,female,16
2018,13 years and younger,female,9
2019,13 years and younger,female,9
2020,13 years and younger,female,10
2021,13 years and younger,female,17
2022,13 years and younger,female,13
2010,13 years and younger,male,9
2011,13 years and younger,male,16
2012,13 years and younger,male,8
2013,13 years and younger,male,12
2014,13 years and younger,male,13
2015,13 years and younger,male,12
2016,13 years and younger,male,21
2017,13 years and younger,male,51
2018,13 years and younger,male,9
2019,13 years and younger,male,6
2020,13 years and younger,male,21
2021,13 years and younger,male,19
2022,13 years and younger,male,7
2010,14 to under 18 years,,108
2011,14 to under 18 years,,95
2012,14 to under 18 years,,96
2013,14 to under 18 years,,92
2014,14 to under 18 years,,76
2015,14 to under 18 years,,87
2016,14 to under 18 years,,111
2017,14 to under 18 years,,53
2018,14 to under 18 years,,112
2019,14 to under 18 years,,89
2020,14 to under 18 years,,86
2021,14 to under 18 years,,82
2022,14 to under 18 years,,86
2010,14 to under 18 years,female,97
2011,14 to under 18 years,female,82
2012,14 to under 18 years,female,88
2013,14 to under 18 years,female,79
2014,14 to under 18 years,female,66
2015,14 to under 18 years,female,80
2016,14 to under 18 years,female,100
2017,14 to under 18 years,female,49
2018,14 to under 18 years,female,96
2019,14 to under 18 years,female,74
2020,14 to under 18 years,female,62
2021,14 to under 18 years,female,64
2022,14 to under 18 years,female,72
2010,14 to under 18 years,male,11
2011,14 to under 18 years,male,13
2012,14 to under 18 years,male,8
2013,14 to under 18 years,male,13
2014,14 to under 18 years,male,10
2015,14 to under 18 years,male,7
2016,14 to under 18 years,male,11
2017,14 to under 18 years,male,4
2018,14 to under 18 years,male,16
2019,14 to under 18 years,male,15
2020,14 to under 18 years,male,24
2021,14 to under 18 years,male,18
2022,14 to under 18 years,male,14
2010,,,119
2011,,,124
2012,,,115
2013,,,110
2014,,,98
2015,,,106
2016,,,147
2017,,,120
2018,,,130
2019,,,104
2020,,,117
2021,,,118
2022,,,106
2010,,female,99
2011,,female,95
2012,,female,99
2013,,female,85
2014,,female,75
2015,,female,87
2016,,female,115
2017,,female,65
2018,,female,105
2019,,female,83
2020,,female,72
2021,,female,81
2022,,female,85
2010,,male,20
2011,,male,29
2012,,male,16
2013,,male,25
2014,,male,23
2015,,male,19
2016,,male,32
2017,,male,55
2018,,male,25
2019,,male,21
2020,,male,45
2021,,male,37
2022,,male,21
