Year,economic activity,COMMENT_OBS_0,COMMENT_OBS_1,COMMENT_OBS_2,Series,Value
2010,accommodation for visitors: hotels and similar establishments,.,,,<u>time series of the indicator:</u> employed persons,
2011,accommodation for visitors: hotels and similar establishments,.,,,<u>time series of the indicator:</u> employed persons,
2012,accommodation for visitors: hotels and similar establishments,.,,,<u>time series of the indicator:</u> employed persons,
2013,accommodation for visitors: hotels and similar establishments,.,,,<u>time series of the indicator:</u> employed persons,
2014,accommodation for visitors: hotels and similar establishments,.,,,<u>time series of the indicator:</u> employed persons,
2015,accommodation for visitors: hotels and similar establishments,.,,,<u>time series of the indicator:</u> employed persons,
2016,accommodation for visitors: hotels and similar establishments,.,,,<u>time series of the indicator:</u> employed persons,
2017,accommodation for visitors: hotels and similar establishments,.,,,<u>time series of the indicator:</u> employed persons,
2018,accommodation for visitors: hotels and similar establishments,.,,,<u>time series of the indicator:</u> employed persons,
2019,accommodation for visitors: hotels and similar establishments,.,,,<u>time series of the indicator:</u> employed persons,
2020,accommodation for visitors: hotels and similar establishments,,,,<u>time series of the indicator:</u> employed persons,433154.0
2021,accommodation for visitors: hotels and similar establishments,,,,<u>time series of the indicator:</u> employed persons,458101.0
2022,accommodation for visitors: hotels and similar establishments,,,,<u>time series of the indicator:</u> employed persons,493938.0
2023,accommodation for visitors: hotels and similar establishments,,,,<u>time series of the indicator:</u> employed persons,498001.0
2010,accommodation for visitors: other,.,,,<u>time series of the indicator:</u> employed persons,
2011,accommodation for visitors: other,.,,,<u>time series of the indicator:</u> employed persons,
2012,accommodation for visitors: other,.,,,<u>time series of the indicator:</u> employed persons,
2013,accommodation for visitors: other,.,,,<u>time series of the indicator:</u> employed persons,
2014,accommodation for visitors: other,.,,,<u>time series of the indicator:</u> employed persons,
2015,accommodation for visitors: other,.,,,<u>time series of the indicator:</u> employed persons,
2016,accommodation for visitors: other,.,,,<u>time series of the indicator:</u> employed persons,
2017,accommodation for visitors: other,.,,,<u>time series of the indicator:</u> employed persons,
2018,accommodation for visitors: other,.,,,<u>time series of the indicator:</u> employed persons,
2019,accommodation for visitors: other,.,,,<u>time series of the indicator:</u> employed persons,
2020,accommodation for visitors: other,,,,<u>time series of the indicator:</u> employed persons,521462.0
2021,accommodation for visitors: other,,,,<u>time series of the indicator:</u> employed persons,691160.0
2022,accommodation for visitors: other,,,,<u>time series of the indicator:</u> employed persons,667494.0
2023,accommodation for visitors: other,,,,<u>time series of the indicator:</u> employed persons,664668.0
2010,food and beverage serving activities,.,,,<u>time series of the indicator:</u> employed persons,
2011,food and beverage serving activities,.,,,<u>time series of the indicator:</u> employed persons,
2012,food and beverage serving activities,.,,,<u>time series of the indicator:</u> employed persons,
2013,food and beverage serving activities,.,,,<u>time series of the indicator:</u> employed persons,
2014,food and beverage serving activities,.,,,<u>time series of the indicator:</u> employed persons,
2015,food and beverage serving activities,.,,,<u>time series of the indicator:</u> employed persons,
2016,food and beverage serving activities,.,,,<u>time series of the indicator:</u> employed persons,
2017,food and beverage serving activities,.,,,<u>time series of the indicator:</u> employed persons,
2018,food and beverage serving activities,.,,,<u>time series of the indicator:</u> employed persons,
2019,food and beverage serving activities,.,,,<u>time series of the indicator:</u> employed persons,
2020,food and beverage serving activities,,,,<u>time series of the indicator:</u> employed persons,1336699.0
2021,food and beverage serving activities,,,,<u>time series of the indicator:</u> employed persons,1457238.0
2022,food and beverage serving activities,,,,<u>time series of the indicator:</u> employed persons,1514878.0
2023,food and beverage serving activities,,,,<u>time series of the indicator:</u> employed persons,1541245.0
2022,railway passenger transport,,,,<u>time series of the indicator:</u> employed persons,25222.0
2023,railway passenger transport,,,,<u>time series of the indicator:</u> employed persons,25745.0
2010,road passenger transport,.,,,<u>time series of the indicator:</u> employed persons,
2011,road passenger transport,.,,,<u>time series of the indicator:</u> employed persons,
2012,road passenger transport,.,,,<u>time series of the indicator:</u> employed persons,
2013,road passenger transport,.,,,<u>time series of the indicator:</u> employed persons,
2014,road passenger transport,.,,,<u>time series of the indicator:</u> employed persons,
2015,road passenger transport,.,,,<u>time series of the indicator:</u> employed persons,
2016,road passenger transport,.,,,<u>time series of the indicator:</u> employed persons,
2017,road passenger transport,.,,,<u>time series of the indicator:</u> employed persons,
2018,road passenger transport,.,,,<u>time series of the indicator:</u> employed persons,
2019,road passenger transport,.,,,<u>time series of the indicator:</u> employed persons,
2020,road passenger transport,,,,<u>time series of the indicator:</u> employed persons,164649.0
2021,road passenger transport,,,,<u>time series of the indicator:</u> employed persons,186530.0
2022,road passenger transport,,,,<u>time series of the indicator:</u> employed persons,194485.0
2023,road passenger transport,,,,<u>time series of the indicator:</u> employed persons,205032.0
2010,water passenger transport,.,,,<u>time series of the indicator:</u> employed persons,
2011,water passenger transport,.,,,<u>time series of the indicator:</u> employed persons,
2012,water passenger transport,.,,,<u>time series of the indicator:</u> employed persons,
2013,water passenger transport,.,,,<u>time series of the indicator:</u> employed persons,
2014,water passenger transport,.,,,<u>time series of the indicator:</u> employed persons,
2015,water passenger transport,.,,,<u>time series of the indicator:</u> employed persons,
2016,water passenger transport,.,,,<u>time series of the indicator:</u> employed persons,
2017,water passenger transport,.,,,<u>time series of the indicator:</u> employed persons,
2018,water passenger transport,.,,,<u>time series of the indicator:</u> employed persons,
2019,water passenger transport,.,,,<u>time series of the indicator:</u> employed persons,
2020,water passenger transport,,,,<u>time series of the indicator:</u> employed persons,8614.0
2021,water passenger transport,,,,<u>time series of the indicator:</u> employed persons,8756.0
2022,water passenger transport,,,,<u>time series of the indicator:</u> employed persons,9206.0
2023,water passenger transport,,,,<u>time series of the indicator:</u> employed persons,8967.0
2010,air passenger transport,.,,,<u>time series of the indicator:</u> employed persons,
2011,air passenger transport,.,,,<u>time series of the indicator:</u> employed persons,
2012,air passenger transport,.,,,<u>time series of the indicator:</u> employed persons,
2013,air passenger transport,.,,,<u>time series of the indicator:</u> employed persons,
2014,air passenger transport,.,,,<u>time series of the indicator:</u> employed persons,
2015,air passenger transport,.,,,<u>time series of the indicator:</u> employed persons,
2016,air passenger transport,.,,,<u>time series of the indicator:</u> employed persons,
2017,air passenger transport,.,,,<u>time series of the indicator:</u> employed persons,
2018,air passenger transport,.,,,<u>time series of the indicator:</u> employed persons,
2019,air passenger transport,.,,,<u>time series of the indicator:</u> employed persons,
2020,air passenger transport,,,,<u>time series of the indicator:</u> employed persons,58297.0
2021,air passenger transport,,,,<u>time series of the indicator:</u> employed persons,54734.0
2022,air passenger transport,,,,<u>time series of the indicator:</u> employed persons,52686.0
2023,air passenger transport,,,,<u>time series of the indicator:</u> employed persons,57060.0
2010,transport equipment rental,.,,,<u>time series of the indicator:</u> employed persons,
2011,transport equipment rental,.,,,<u>time series of the indicator:</u> employed persons,
2012,transport equipment rental,.,,,<u>time series of the indicator:</u> employed persons,
2013,transport equipment rental,.,,,<u>time series of the indicator:</u> employed persons,
2014,transport equipment rental,.,,,<u>time series of the indicator:</u> employed persons,
2015,transport equipment rental,.,,,<u>time series of the indicator:</u> employed persons,
2016,transport equipment rental,.,,,<u>time series of the indicator:</u> employed persons,
2017,transport equipment rental,.,,,<u>time series of the indicator:</u> employed persons,
2018,transport equipment rental,.,,,<u>time series of the indicator:</u> employed persons,
2019,transport equipment rental,.,,,<u>time series of the indicator:</u> employed persons,
2020,transport equipment rental,,,,<u>time series of the indicator:</u> employed persons,34896.0
2021,transport equipment rental,,,,<u>time series of the indicator:</u> employed persons,41038.0
2022,transport equipment rental,,,,<u>time series of the indicator:</u> employed persons,45861.0
2023,transport equipment rental,,,,<u>time series of the indicator:</u> employed persons,43418.0
2010,travel agencies and other reservation service activities,.,,,<u>time series of the indicator:</u> employed persons,
2011,travel agencies and other reservation service activities,.,,,<u>time series of the indicator:</u> employed persons,
2012,travel agencies and other reservation service activities,.,,,<u>time series of the indicator:</u> employed persons,
2013,travel agencies and other reservation service activities,.,,,<u>time series of the indicator:</u> employed persons,
2014,travel agencies and other reservation service activities,.,,,<u>time series of the indicator:</u> employed persons,
2015,travel agencies and other reservation service activities,.,,,<u>time series of the indicator:</u> employed persons,
2016,travel agencies and other reservation service activities,.,,,<u>time series of the indicator:</u> employed persons,
2017,travel agencies and other reservation service activities,.,,,<u>time series of the indicator:</u> employed persons,
2018,travel agencies and other reservation service activities,.,,,<u>time series of the indicator:</u> employed persons,
2019,travel agencies and other reservation service activities,.,,,<u>time series of the indicator:</u> employed persons,
2020,travel agencies and other reservation service activities,,,,<u>time series of the indicator:</u> employed persons,81779.0
2021,travel agencies and other reservation service activities,,,,<u>time series of the indicator:</u> employed persons,79189.0
2022,travel agencies and other reservation service activities,,,,<u>time series of the indicator:</u> employed persons,88512.0
2023,travel agencies and other reservation service activities,,,,<u>time series of the indicator:</u> employed persons,84618.0
2021,cultural activities,,,,<u>time series of the indicator:</u> employed persons,93922.0
2022,cultural activities,,,,<u>time series of the indicator:</u> employed persons,104048.0
2023,cultural activities,,,,<u>time series of the indicator:</u> employed persons,109369.0
2021,sports and recreational activities,,,,<u>time series of the indicator:</u> employed persons,306401.0
2022,sports and recreational activities,,,,<u>time series of the indicator:</u> employed persons,320884.0
2023,sports and recreational activities,,,,<u>time series of the indicator:</u> employed persons,312225.0
2010,accommodation for visitors: hotels and similar establishments,.,,,<u>additional time series:</u> employees,
2011,accommodation for visitors: hotels and similar establishments,.,,,<u>additional time series:</u> employees,
2012,accommodation for visitors: hotels and similar establishments,.,,,<u>additional time series:</u> employees,
2013,accommodation for visitors: hotels and similar establishments,.,,,<u>additional time series:</u> employees,
2014,accommodation for visitors: hotels and similar establishments,.,,,<u>additional time series:</u> employees,
2015,accommodation for visitors: hotels and similar establishments,.,,,<u>additional time series:</u> employees,
2016,accommodation for visitors: hotels and similar establishments,.,,,<u>additional time series:</u> employees,
2017,accommodation for visitors: hotels and similar establishments,.,,,<u>additional time series:</u> employees,
2018,accommodation for visitors: hotels and similar establishments,.,,,<u>additional time series:</u> employees,
2019,accommodation for visitors: hotels and similar establishments,.,,,<u>additional time series:</u> employees,
2020,accommodation for visitors: hotels and similar establishments,,,,<u>additional time series:</u> employees,387316.0
2021,accommodation for visitors: hotels and similar establishments,,,,<u>additional time series:</u> employees,412861.0
2022,accommodation for visitors: hotels and similar establishments,,,,<u>additional time series:</u> employees,447744.0
2023,accommodation for visitors: hotels and similar establishments,,,,<u>additional time series:</u> employees,451432.0
2010,accommodation for visitors: other,.,,,<u>additional time series:</u> employees,
2011,accommodation for visitors: other,.,,,<u>additional time series:</u> employees,
2012,accommodation for visitors: other,.,,,<u>additional time series:</u> employees,
2013,accommodation for visitors: other,.,,,<u>additional time series:</u> employees,
2014,accommodation for visitors: other,.,,,<u>additional time series:</u> employees,
2015,accommodation for visitors: other,.,,,<u>additional time series:</u> employees,
2016,accommodation for visitors: other,.,,,<u>additional time series:</u> employees,
2017,accommodation for visitors: other,.,,,<u>additional time series:</u> employees,
2018,accommodation for visitors: other,.,,,<u>additional time series:</u> employees,
2019,accommodation for visitors: other,.,,,<u>additional time series:</u> employees,
2020,accommodation for visitors: other,,,,<u>additional time series:</u> employees,333052.0
2021,accommodation for visitors: other,,,,<u>additional time series:</u> employees,474192.0
2022,accommodation for visitors: other,,,,<u>additional time series:</u> employees,474307.0
2023,accommodation for visitors: other,,,,<u>additional time series:</u> employees,471128.0
2010,food and beverage serving activities,.,,,<u>additional time series:</u> employees,
2011,food and beverage serving activities,.,,,<u>additional time series:</u> employees,
2012,food and beverage serving activities,.,,,<u>additional time series:</u> employees,
2013,food and beverage serving activities,.,,,<u>additional time series:</u> employees,
2014,food and beverage serving activities,.,,,<u>additional time series:</u> employees,
2015,food and beverage serving activities,.,,,<u>additional time series:</u> employees,
2016,food and beverage serving activities,.,,,<u>additional time series:</u> employees,
2017,food and beverage serving activities,.,,,<u>additional time series:</u> employees,
2018,food and beverage serving activities,.,,,<u>additional time series:</u> employees,
2019,food and beverage serving activities,.,,,<u>additional time series:</u> employees,
2020,food and beverage serving activities,,,,<u>additional time series:</u> employees,1147866.0
2021,food and beverage serving activities,,,,<u>additional time series:</u> employees,1281136.0
2022,food and beverage serving activities,,,,<u>additional time series:</u> employees,1338977.0
2023,food and beverage serving activities,,,,<u>additional time series:</u> employees,1363796.0
2022,railway passenger transport,,,,<u>additional time series:</u> employees,25202.0
2023,railway passenger transport,,,,<u>additional time series:</u> employees,25719.0
2010,road passenger transport,.,,,<u>additional time series:</u> employees,
2011,road passenger transport,.,,,<u>additional time series:</u> employees,
2012,road passenger transport,.,,,<u>additional time series:</u> employees,
2013,road passenger transport,.,,,<u>additional time series:</u> employees,
2014,road passenger transport,.,,,<u>additional time series:</u> employees,
2015,road passenger transport,.,,,<u>additional time series:</u> employees,
2016,road passenger transport,.,,,<u>additional time series:</u> employees,
2017,road passenger transport,.,,,<u>additional time series:</u> employees,
2018,road passenger transport,.,,,<u>additional time series:</u> employees,
2019,road passenger transport,.,,,<u>additional time series:</u> employees,
2020,road passenger transport,,,,<u>additional time series:</u> employees,141037.0
2021,road passenger transport,,,,<u>additional time series:</u> employees,164689.0
2022,road passenger transport,,,,<u>additional time series:</u> employees,171881.0
2023,road passenger transport,,,,<u>additional time series:</u> employees,182026.0
2010,water passenger transport,.,,,<u>additional time series:</u> employees,
2011,water passenger transport,.,,,<u>additional time series:</u> employees,
2012,water passenger transport,.,,,<u>additional time series:</u> employees,
2013,water passenger transport,.,,,<u>additional time series:</u> employees,
2014,water passenger transport,.,,,<u>additional time series:</u> employees,
2015,water passenger transport,.,,,<u>additional time series:</u> employees,
2016,water passenger transport,.,,,<u>additional time series:</u> employees,
2017,water passenger transport,.,,,<u>additional time series:</u> employees,
2018,water passenger transport,.,,,<u>additional time series:</u> employees,
2019,water passenger transport,.,,,<u>additional time series:</u> employees,
2020,water passenger transport,,,,<u>additional time series:</u> employees,8137.0
2021,water passenger transport,,,,<u>additional time series:</u> employees,8254.0
2022,water passenger transport,,,,<u>additional time series:</u> employees,8710.0
2023,water passenger transport,,,,<u>additional time series:</u> employees,8480.0
2010,air passenger transport,.,,,<u>additional time series:</u> employees,
2011,air passenger transport,.,,,<u>additional time series:</u> employees,
2012,air passenger transport,.,,,<u>additional time series:</u> employees,
2013,air passenger transport,.,,,<u>additional time series:</u> employees,
2014,air passenger transport,.,,,<u>additional time series:</u> employees,
2015,air passenger transport,.,,,<u>additional time series:</u> employees,
2016,air passenger transport,.,,,<u>additional time series:</u> employees,
2017,air passenger transport,.,,,<u>additional time series:</u> employees,
2018,air passenger transport,.,,,<u>additional time series:</u> employees,
2019,air passenger transport,.,,,<u>additional time series:</u> employees,
2020,air passenger transport,,,,<u>additional time series:</u> employees,57763.0
2021,air passenger transport,,,,<u>additional time series:</u> employees,53976.0
2022,air passenger transport,,,,<u>additional time series:</u> employees,52214.0
2023,air passenger transport,,,,<u>additional time series:</u> employees,56268.0
2010,transport equipment rental,.,,,<u>additional time series:</u> employees,
2011,transport equipment rental,.,,,<u>additional time series:</u> employees,
2012,transport equipment rental,.,,,<u>additional time series:</u> employees,
2013,transport equipment rental,.,,,<u>additional time series:</u> employees,
2014,transport equipment rental,.,,,<u>additional time series:</u> employees,
2015,transport equipment rental,.,,,<u>additional time series:</u> employees,
2016,transport equipment rental,.,,,<u>additional time series:</u> employees,
2017,transport equipment rental,.,,,<u>additional time series:</u> employees,
2018,transport equipment rental,.,,,<u>additional time series:</u> employees,
2019,transport equipment rental,.,,,<u>additional time series:</u> employees,
2020,transport equipment rental,,,,<u>additional time series:</u> employees,30207.0
2021,transport equipment rental,,,,<u>additional time series:</u> employees,35394.0
2022,transport equipment rental,,,,<u>additional time series:</u> employees,40890.0
2023,transport equipment rental,,,,<u>additional time series:</u> employees,38225.0
2010,travel agencies and other reservation service activities,.,,,<u>additional time series:</u> employees,
2011,travel agencies and other reservation service activities,.,,,<u>additional time series:</u> employees,
2012,travel agencies and other reservation service activities,.,,,<u>additional time series:</u> employees,
2013,travel agencies and other reservation service activities,.,,,<u>additional time series:</u> employees,
2014,travel agencies and other reservation service activities,.,,,<u>additional time series:</u> employees,
2015,travel agencies and other reservation service activities,.,,,<u>additional time series:</u> employees,
2016,travel agencies and other reservation service activities,.,,,<u>additional time series:</u> employees,
2017,travel agencies and other reservation service activities,.,,,<u>additional time series:</u> employees,
2018,travel agencies and other reservation service activities,.,,,<u>additional time series:</u> employees,
2019,travel agencies and other reservation service activities,.,,,<u>additional time series:</u> employees,
2020,travel agencies and other reservation service activities,,,,<u>additional time series:</u> employees,71757.0
2021,travel agencies and other reservation service activities,,,,<u>additional time series:</u> employees,69620.0
2022,travel agencies and other reservation service activities,,,,<u>additional time series:</u> employees,78682.0
2023,travel agencies and other reservation service activities,,,,<u>additional time series:</u> employees,74969.0
2021,cultural activities,,,,<u>additional time series:</u> employees,48031.0
2022,cultural activities,,,,<u>additional time series:</u> employees,53906.0
2023,cultural activities,,,,<u>additional time series:</u> employees,56266.0
2021,sports and recreational activities,,,,<u>additional time series:</u> employees,275068.0
2022,sports and recreational activities,,,,<u>additional time series:</u> employees,286360.0
2023,sports and recreational activities,,,,<u>additional time series:</u> employees,276102.0
2010,accommodation for visitors: hotels and similar establishments,.,,,<u>additional time series:</u> full-time equivalents,
2011,accommodation for visitors: hotels and similar establishments,.,,,<u>additional time series:</u> full-time equivalents,
2012,accommodation for visitors: hotels and similar establishments,.,,,<u>additional time series:</u> full-time equivalents,
2013,accommodation for visitors: hotels and similar establishments,.,,,<u>additional time series:</u> full-time equivalents,
2014,accommodation for visitors: hotels and similar establishments,.,,,<u>additional time series:</u> full-time equivalents,
2015,accommodation for visitors: hotels and similar establishments,.,,,<u>additional time series:</u> full-time equivalents,
2016,accommodation for visitors: hotels and similar establishments,.,,,<u>additional time series:</u> full-time equivalents,
2017,accommodation for visitors: hotels and similar establishments,.,,,<u>additional time series:</u> full-time equivalents,
2018,accommodation for visitors: hotels and similar establishments,.,,,<u>additional time series:</u> full-time equivalents,
2019,accommodation for visitors: hotels and similar establishments,.,,,<u>additional time series:</u> full-time equivalents,
2020,accommodation for visitors: hotels and similar establishments,,,,<u>additional time series:</u> full-time equivalents,289724.0
2021,accommodation for visitors: hotels and similar establishments,,,,<u>additional time series:</u> full-time equivalents,345255.0
2022,accommodation for visitors: hotels and similar establishments,,,,<u>additional time series:</u> full-time equivalents,353567.0
2023,accommodation for visitors: hotels and similar establishments,,,,<u>additional time series:</u> full-time equivalents,353567.0
2010,accommodation for visitors: other,.,,,<u>additional time series:</u> full-time equivalents,
2011,accommodation for visitors: other,.,,,<u>additional time series:</u> full-time equivalents,
2012,accommodation for visitors: other,.,,,<u>additional time series:</u> full-time equivalents,
2013,accommodation for visitors: other,.,,,<u>additional time series:</u> full-time equivalents,
2014,accommodation for visitors: other,.,,,<u>additional time series:</u> full-time equivalents,
2015,accommodation for visitors: other,.,,,<u>additional time series:</u> full-time equivalents,
2016,accommodation for visitors: other,.,,,<u>additional time series:</u> full-time equivalents,
2017,accommodation for visitors: other,.,,,<u>additional time series:</u> full-time equivalents,
2018,accommodation for visitors: other,.,,,<u>additional time series:</u> full-time equivalents,
2019,accommodation for visitors: other,.,,,<u>additional time series:</u> full-time equivalents,
2020,accommodation for visitors: other,,,,<u>additional time series:</u> full-time equivalents,270579.0
2021,accommodation for visitors: other,,,,<u>additional time series:</u> full-time equivalents,406427.0
2022,accommodation for visitors: other,,,,<u>additional time series:</u> full-time equivalents,377342.0
2023,accommodation for visitors: other,,,,<u>additional time series:</u> full-time equivalents,374218.0
2010,food and beverage serving activities,.,,,<u>additional time series:</u> full-time equivalents,
2011,food and beverage serving activities,.,,,<u>additional time series:</u> full-time equivalents,
2012,food and beverage serving activities,.,,,<u>additional time series:</u> full-time equivalents,
2013,food and beverage serving activities,.,,,<u>additional time series:</u> full-time equivalents,
2014,food and beverage serving activities,.,,,<u>additional time series:</u> full-time equivalents,
2015,food and beverage serving activities,.,,,<u>additional time series:</u> full-time equivalents,
2016,food and beverage serving activities,.,,,<u>additional time series:</u> full-time equivalents,
2017,food and beverage serving activities,.,,,<u>additional time series:</u> full-time equivalents,
2018,food and beverage serving activities,.,,,<u>additional time series:</u> full-time equivalents,
2019,food and beverage serving activities,.,,,<u>additional time series:</u> full-time equivalents,
2020,food and beverage serving activities,,,,<u>additional time series:</u> full-time equivalents,743998.0
2021,food and beverage serving activities,,,,<u>additional time series:</u> full-time equivalents,1072961.0
2022,food and beverage serving activities,,,,<u>additional time series:</u> full-time equivalents,925027.0
2023,food and beverage serving activities,,,,<u>additional time series:</u> full-time equivalents,932114.0
2022,railway passenger transport,,,,<u>additional time series:</u> full-time equivalents,23151.0
2023,railway passenger transport,,,,<u>additional time series:</u> full-time equivalents,23326.0
2010,road passenger transport,.,,,<u>additional time series:</u> full-time equivalents,
2011,road passenger transport,.,,,<u>additional time series:</u> full-time equivalents,
2012,road passenger transport,.,,,<u>additional time series:</u> full-time equivalents,
2013,road passenger transport,.,,,<u>additional time series:</u> full-time equivalents,
2014,road passenger transport,.,,,<u>additional time series:</u> full-time equivalents,
2015,road passenger transport,.,,,<u>additional time series:</u> full-time equivalents,
2016,road passenger transport,.,,,<u>additional time series:</u> full-time equivalents,
2017,road passenger transport,.,,,<u>additional time series:</u> full-time equivalents,
2018,road passenger transport,.,,,<u>additional time series:</u> full-time equivalents,
2019,road passenger transport,.,,,<u>additional time series:</u> full-time equivalents,
2020,road passenger transport,,,,<u>additional time series:</u> full-time equivalents,96528.0
2021,road passenger transport,,,,<u>additional time series:</u> full-time equivalents,129574.0
2022,road passenger transport,,,,<u>additional time series:</u> full-time equivalents,126403.0
2023,road passenger transport,,,,<u>additional time series:</u> full-time equivalents,128524.0
2010,water passenger transport,.,,,<u>additional time series:</u> full-time equivalents,
2011,water passenger transport,.,,,<u>additional time series:</u> full-time equivalents,
2012,water passenger transport,.,,,<u>additional time series:</u> full-time equivalents,
2013,water passenger transport,.,,,<u>additional time series:</u> full-time equivalents,
2014,water passenger transport,.,,,<u>additional time series:</u> full-time equivalents,
2015,water passenger transport,.,,,<u>additional time series:</u> full-time equivalents,
2016,water passenger transport,.,,,<u>additional time series:</u> full-time equivalents,
2017,water passenger transport,.,,,<u>additional time series:</u> full-time equivalents,
2018,water passenger transport,.,,,<u>additional time series:</u> full-time equivalents,
2019,water passenger transport,.,,,<u>additional time series:</u> full-time equivalents,
2020,water passenger transport,,,,<u>additional time series:</u> full-time equivalents,6722.0
2021,water passenger transport,,,,<u>additional time series:</u> full-time equivalents,7346.0
2022,water passenger transport,,,,<u>additional time series:</u> full-time equivalents,7746.0
2023,water passenger transport,,,,<u>additional time series:</u> full-time equivalents,7414.0
2010,air passenger transport,.,,,<u>additional time series:</u> full-time equivalents,
2011,air passenger transport,.,,,<u>additional time series:</u> full-time equivalents,
2012,air passenger transport,.,,,<u>additional time series:</u> full-time equivalents,
2013,air passenger transport,.,,,<u>additional time series:</u> full-time equivalents,
2014,air passenger transport,.,,,<u>additional time series:</u> full-time equivalents,
2015,air passenger transport,.,,,<u>additional time series:</u> full-time equivalents,
2016,air passenger transport,.,,,<u>additional time series:</u> full-time equivalents,
2017,air passenger transport,.,,,<u>additional time series:</u> full-time equivalents,
2018,air passenger transport,.,,,<u>additional time series:</u> full-time equivalents,
2019,air passenger transport,.,,,<u>additional time series:</u> full-time equivalents,
2020,air passenger transport,,,,<u>additional time series:</u> full-time equivalents,45264.0
2021,air passenger transport,,,,<u>additional time series:</u> full-time equivalents,45513.0
2022,air passenger transport,,,,<u>additional time series:</u> full-time equivalents,44077.0
2023,air passenger transport,,,,<u>additional time series:</u> full-time equivalents,47678.0
2010,transport equipment rental,.,,,<u>additional time series:</u> full-time equivalents,
2011,transport equipment rental,.,,,<u>additional time series:</u> full-time equivalents,
2012,transport equipment rental,.,,,<u>additional time series:</u> full-time equivalents,
2013,transport equipment rental,.,,,<u>additional time series:</u> full-time equivalents,
2014,transport equipment rental,.,,,<u>additional time series:</u> full-time equivalents,
2015,transport equipment rental,.,,,<u>additional time series:</u> full-time equivalents,
2016,transport equipment rental,.,,,<u>additional time series:</u> full-time equivalents,
2017,transport equipment rental,.,,,<u>additional time series:</u> full-time equivalents,
2018,transport equipment rental,.,,,<u>additional time series:</u> full-time equivalents,
2019,transport equipment rental,.,,,<u>additional time series:</u> full-time equivalents,
2020,transport equipment rental,,,,<u>additional time series:</u> full-time equivalents,24773.0
2021,transport equipment rental,,,,<u>additional time series:</u> full-time equivalents,29873.0
2022,transport equipment rental,,,,<u>additional time series:</u> full-time equivalents,33751.0
2023,transport equipment rental,,,,<u>additional time series:</u> full-time equivalents,31106.0
2010,travel agencies and other reservation service activities,.,,,<u>additional time series:</u> full-time equivalents,
2011,travel agencies and other reservation service activities,.,,,<u>additional time series:</u> full-time equivalents,
2012,travel agencies and other reservation service activities,.,,,<u>additional time series:</u> full-time equivalents,
2013,travel agencies and other reservation service activities,.,,,<u>additional time series:</u> full-time equivalents,
2014,travel agencies and other reservation service activities,.,,,<u>additional time series:</u> full-time equivalents,
2015,travel agencies and other reservation service activities,.,,,<u>additional time series:</u> full-time equivalents,
2016,travel agencies and other reservation service activities,.,,,<u>additional time series:</u> full-time equivalents,
2017,travel agencies and other reservation service activities,.,,,<u>additional time series:</u> full-time equivalents,
2018,travel agencies and other reservation service activities,.,,,<u>additional time series:</u> full-time equivalents,
2019,travel agencies and other reservation service activities,.,,,<u>additional time series:</u> full-time equivalents,
2020,travel agencies and other reservation service activities,,,,<u>additional time series:</u> full-time equivalents,59091.0
2021,travel agencies and other reservation service activities,,,,<u>additional time series:</u> full-time equivalents,61658.0
2022,travel agencies and other reservation service activities,,,,<u>additional time series:</u> full-time equivalents,66304.0
2023,travel agencies and other reservation service activities,,,,<u>additional time series:</u> full-time equivalents,63200.0
2021,cultural activities,,,,<u>additional time series:</u> full-time equivalents,40488.0
2022,cultural activities,,,,<u>additional time series:</u> full-time equivalents,41359.0
2023,cultural activities,,,,<u>additional time series:</u> full-time equivalents,43002.0
2021,sports and recreational activities,,,,<u>additional time series:</u> full-time equivalents,218932.0
2022,sports and recreational activities,,,,<u>additional time series:</u> full-time equivalents,193459.0
2023,sports and recreational activities,,,,<u>additional time series:</u> full-time equivalents,182289.0
