Year,Units,mode of transport,Series,Value
2010,mn pkm,,passenger transports,1117240
2011,mn pkm,,passenger transports,1131004
2012,mn pkm,,passenger transports,1135558
2013,mn pkm,,passenger transports,1143475
2014,mn pkm,,passenger transports,1162942
2015,mn pkm,,passenger transports,1180646
2016,mn pkm,,passenger transports,1204775
2017,mn pkm,,passenger transports,1155136
2018,mn pkm,,passenger transports,1161885
2019,mn pkm,,passenger transports,1170186
2020,mn pkm,,passenger transports,945755
2010,mn pkm,road transport,passenger transports,78092
2011,mn pkm,road transport,passenger transports,77957
2012,mn pkm,road transport,passenger transports,76019
2013,mn pkm,road transport,passenger transports,76146
2014,mn pkm,road transport,passenger transports,78786
2015,mn pkm,road transport,passenger transports,81771
2016,mn pkm,road transport,passenger transports,81445
2017,mn pkm,road transport,passenger transports,79730
2018,mn pkm,road transport,passenger transports,80103
2019,mn pkm,road transport,passenger transports,78919
2020,mn pkm,road transport,passenger transports,45735
2010,mn pkm,rail transport,passenger transports,83886
2011,mn pkm,rail transport,passenger transports,85414
2012,mn pkm,rail transport,passenger transports,88795
2013,mn pkm,rail transport,passenger transports,89615
2014,mn pkm,rail transport,passenger transports,90976
2015,mn pkm,rail transport,passenger transports,91603
2016,mn pkm,rail transport,passenger transports,94196
2017,mn pkm,rail transport,passenger transports,95530
2018,mn pkm,rail transport,passenger transports,98061
2019,mn pkm,rail transport,passenger transports,102026
2020,mn pkm,rail transport,passenger transports,58816
2010,mn pkm,commercial air transport,passenger transports,52822
2011,mn pkm,commercial air transport,passenger transports,55215
2012,mn pkm,commercial air transport,passenger transports,56180
2013,mn pkm,commercial air transport,passenger transports,56294
2014,mn pkm,commercial air transport,passenger transports,58223
2015,mn pkm,commercial air transport,passenger transports,61543
2016,mn pkm,commercial air transport,passenger transports,63983
2017,mn pkm,commercial air transport,passenger transports,67523
2018,mn pkm,commercial air transport,passenger transports,70445
2019,mn pkm,commercial air transport,passenger transports,71841
2020,mn pkm,commercial air transport,passenger transports,18704
2010,mn pkm,motorised private transport,passenger transports,902440
2011,mn pkm,motorised private transport,passenger transports,912417
2012,mn pkm,motorised private transport,passenger transports,914563
2013,mn pkm,motorised private transport,passenger transports,921420
2014,mn pkm,motorised private transport,passenger transports,934957
2015,mn pkm,motorised private transport,passenger transports,945729
2016,mn pkm,motorised private transport,passenger transports,965151
2017,mn pkm,motorised private transport,passenger transports,912353
2018,mn pkm,motorised private transport,passenger transports,913276
2019,mn pkm,motorised private transport,passenger transports,917400
2020,mn pkm,motorised private transport,passenger transports,822500
2010,mn tkm,,freight transports,627882
2011,mn tkm,,freight transports,628083
2012,mn tkm,,freight transports,618179
2013,mn tkm,,freight transports,634973
2014,mn tkm,,freight transports,642604
2015,mn tkm,,freight transports,655708
2016,mn tkm,,freight transports,676893
2017,mn tkm,,freight transports,692578
2018,mn tkm,,freight transports,694963
2019,mn tkm,,freight transports,697942
2020,mn tkm,,freight transports,670460
2010,mn tkm,road transport,freight transports,440600
2011,mn tkm,road transport,freight transports,442600
2012,mn tkm,road transport,freight transports,432000
2013,mn tkm,road transport,freight transports,442700
2014,mn tkm,road transport,freight transports,451900
2015,mn tkm,road transport,freight transports,464600
2016,mn tkm,road transport,freight transports,473400
2017,mn tkm,road transport,freight transports,486000
2018,mn tkm,road transport,freight transports,499200
2019,mn tkm,road transport,freight transports,498600
2020,mn tkm,road transport,freight transports,486100
2010,mn tkm,rail transport,freight transports,107317
2011,mn tkm,rail transport,freight transports,113317
2012,mn tkm,rail transport,freight transports,110065
2013,mn tkm,rail transport,freight transports,112613
2014,mn tkm,rail transport,freight transports,112629
2015,mn tkm,rail transport,freight transports,116632
2016,mn tkm,rail transport,freight transports,128866
2017,mn tkm,rail transport,freight transports,131204
2018,mn tkm,rail transport,freight transports,129991
2019,mn tkm,rail transport,freight transports,129161
2020,mn tkm,rail transport,freight transports,119790
2010,mn tkm,inland waterway transport,freight transports,62278
2011,mn tkm,inland waterway transport,freight transports,55027
2012,mn tkm,inland waterway transport,freight transports,58488
2013,mn tkm,inland waterway transport,freight transports,60070
2014,mn tkm,inland waterway transport,freight transports,59093
2015,mn tkm,inland waterway transport,freight transports,55315
2016,mn tkm,inland waterway transport,freight transports,54347
2017,mn tkm,inland waterway transport,freight transports,55518
2018,mn tkm,inland waterway transport,freight transports,46901
2019,mn tkm,inland waterway transport,freight transports,50945
2020,mn tkm,inland waterway transport,freight transports,46338
2010,mn tkm,commercial air transport,freight transports,1428
2011,mn tkm,commercial air transport,freight transports,1480
2012,mn tkm,commercial air transport,freight transports,1421
2013,mn tkm,commercial air transport,freight transports,1410
2014,mn tkm,commercial air transport,freight transports,1441
2015,mn tkm,commercial air transport,freight transports,1447
2016,mn tkm,commercial air transport,freight transports,1519
2017,mn tkm,commercial air transport,freight transports,1617
2018,mn tkm,commercial air transport,freight transports,1637
2019,mn tkm,commercial air transport,freight transports,1587
2020,mn tkm,commercial air transport,freight transports,1546
2010,mn tkm,transport via pipeline crude oil,freight transports,16259
2011,mn tkm,transport via pipeline crude oil,freight transports,15623
2012,mn tkm,transport via pipeline crude oil,freight transports,16207
2013,mn tkm,transport via pipeline crude oil,freight transports,18180
2014,mn tkm,transport via pipeline crude oil,freight transports,17541
2015,mn tkm,transport via pipeline crude oil,freight transports,17714
2016,mn tkm,transport via pipeline crude oil,freight transports,18761
2017,mn tkm,transport via pipeline crude oil,freight transports,18239
2018,mn tkm,transport via pipeline crude oil,freight transports,17234
2019,mn tkm,transport via pipeline crude oil,freight transports,17649
2020,mn tkm,transport via pipeline crude oil,freight transports,16686
