Year,enterprise definition,technology sectors,COMMENT_OBS_0,COMMENT_OBS_1,COMMENT_OBS_2,Value
2010,legal entities,,,,,59.0
2011,legal entities,,,,,59.0
2012,legal entities,,,,,59.0
2013,legal entities,,,,,59.0
2014,legal entities,,,,,61.0
2015,legal entities,,,,,61.0
2016,legal entities,,,,,61.0
2017,legal entities,,,,,61.0
2018,legal entities,,,,,61.0
2019,legal entities,,,,,61.0
2020,legal entities,,,,,60.0
2021,legal entities,,,,,60.0
2022,legal entities,,…,,,
2010,legal entities,medium-high-tech,,,,49.0
2011,legal entities,medium-high-tech,,,,50.0
2012,legal entities,medium-high-tech,,,,50.0
2013,legal entities,medium-high-tech,,,,50.0
2014,legal entities,medium-high-tech,,,,51.0
2015,legal entities,medium-high-tech,,,,51.0
2016,legal entities,medium-high-tech,,,,51.0
2017,legal entities,medium-high-tech,,,,51.0
2018,legal entities,medium-high-tech,,,,51.0
2019,legal entities,medium-high-tech,,,,50.0
2020,legal entities,medium-high-tech,,,,49.0
2021,legal entities,medium-high-tech,,,,49.0
2022,legal entities,medium-high-tech,…,,,
2010,legal entities,high-tech,,,,10.0
2011,legal entities,high-tech,,,,10.0
2012,legal entities,high-tech,,,,10.0
2013,legal entities,high-tech,,,,10.0
2014,legal entities,high-tech,,,,10.0
2015,legal entities,high-tech,,,,10.0
2016,legal entities,high-tech,,,,10.0
2017,legal entities,high-tech,,,,10.0
2018,legal entities,high-tech,,,,10.0
2019,legal entities,high-tech,,,,11.0
2020,legal entities,high-tech,,,,11.0
2021,legal entities,high-tech,,,,11.0
2022,legal entities,high-tech,…,,,
2010,eu enterprise definition,,.,,,
2011,eu enterprise definition,,.,,,
2012,eu enterprise definition,,.,,,
2013,eu enterprise definition,,.,,,
2014,eu enterprise definition,,.,,,
2015,eu enterprise definition,,.,,,
2016,eu enterprise definition,,.,,,
2017,eu enterprise definition,,.,,,
2018,eu enterprise definition,,,,,60.668
2019,eu enterprise definition,,,,,60.769
2020,eu enterprise definition,,,,,60.648
2021,eu enterprise definition,,,,,57.983
2022,eu enterprise definition,,,,,52.0
2010,eu enterprise definition,medium-high-tech,.,,,
2011,eu enterprise definition,medium-high-tech,.,,,
2012,eu enterprise definition,medium-high-tech,.,,,
2013,eu enterprise definition,medium-high-tech,.,,,
2014,eu enterprise definition,medium-high-tech,.,,,
2015,eu enterprise definition,medium-high-tech,.,,,
2016,eu enterprise definition,medium-high-tech,.,,,
2017,eu enterprise definition,medium-high-tech,.,,,
2018,eu enterprise definition,medium-high-tech,,,,50.512
2019,eu enterprise definition,medium-high-tech,,,,49.637
2020,eu enterprise definition,medium-high-tech,,,,48.744
2021,eu enterprise definition,medium-high-tech,,,,47.494
2022,eu enterprise definition,medium-high-tech,,,,42.0
2010,eu enterprise definition,high-tech,.,,,
2011,eu enterprise definition,high-tech,.,,,
2012,eu enterprise definition,high-tech,.,,,
2013,eu enterprise definition,high-tech,.,,,
2014,eu enterprise definition,high-tech,.,,,
2015,eu enterprise definition,high-tech,.,,,
2016,eu enterprise definition,high-tech,.,,,
2017,eu enterprise definition,high-tech,.,,,
2018,eu enterprise definition,high-tech,,,,10.156
2019,eu enterprise definition,high-tech,,,,11.132
2020,eu enterprise definition,high-tech,,,,11.904
2021,eu enterprise definition,high-tech,,,,10.489
2022,eu enterprise definition,high-tech,,,,10.0
